full_path,main_folder,intermediate_path,file_name,format,height,width,size,bands
2_Cleaned_dataset\images\1.png,images,images,1.png,PNG,188,398,38377,1
2_Cleaned_dataset\images\10.png,images,images,10.png,PNG,188,398,36997,1
2_Cleaned_dataset\images\100.png,images,images,100.png,PNG,188,398,37350,1
2_Cleaned_dataset\images\100_2812.png,images,images,100_2812.png,PNG,188,398,37226,1
2_Cleaned_dataset\images\101.png,images,images,101.png,PNG,188,398,36627,1
2_Cleaned_dataset\images\101_8302.png,images,images,101_8302.png,PNG,188,398,36290,1
2_Cleaned_dataset\images\102.png,images,images,102.png,PNG,188,398,37176,1
2_Cleaned_dataset\images\102_4308.png,images,images,102_4308.png,PNG,188,398,35495,1
2_Cleaned_dataset\images\103.png,images,images,103.png,PNG,188,398,37819,1
2_Cleaned_dataset\images\103_8031.png,images,images,103_8031.png,PNG,188,398,36238,1
2_Cleaned_dataset\images\104.png,images,images,104.png,PNG,188,398,38247,1
2_Cleaned_dataset\images\104_6591.png,images,images,104_6591.png,PNG,188,398,36913,1
2_Cleaned_dataset\images\105.png,images,images,105.png,PNG,188,398,36529,1
2_Cleaned_dataset\images\105_281.png,images,images,105_281.png,PNG,188,398,38343,1
2_Cleaned_dataset\images\106.png,images,images,106.png,PNG,188,398,36758,1
2_Cleaned_dataset\images\106_4473.png,images,images,106_4473.png,PNG,188,398,35353,1
2_Cleaned_dataset\images\107.png,images,images,107.png,PNG,188,398,36317,1
2_Cleaned_dataset\images\107_7600.png,images,images,107_7600.png,PNG,188,398,38523,1
2_Cleaned_dataset\images\108.png,images,images,108.png,PNG,188,398,37327,1
2_Cleaned_dataset\images\108_5809.png,images,images,108_5809.png,PNG,188,398,38078,1
2_Cleaned_dataset\images\109.png,images,images,109.png,PNG,188,398,37197,1
2_Cleaned_dataset\images\109_8909.png,images,images,109_8909.png,PNG,188,398,27899,1
2_Cleaned_dataset\images\10_8834.png,images,images,10_8834.png,PNG,188,398,35291,1
2_Cleaned_dataset\images\11.png,images,images,11.png,PNG,188,398,35843,1
2_Cleaned_dataset\images\110.png,images,images,110.png,PNG,188,398,36355,1
2_Cleaned_dataset\images\110_5958.png,images,images,110_5958.png,PNG,188,398,35050,1
2_Cleaned_dataset\images\111.png,images,images,111.png,PNG,188,398,36204,1
2_Cleaned_dataset\images\111_4698.png,images,images,111_4698.png,PNG,188,398,36603,1
2_Cleaned_dataset\images\112.png,images,images,112.png,PNG,188,398,36382,1
2_Cleaned_dataset\images\112_9396.png,images,images,112_9396.png,PNG,188,398,34348,1
2_Cleaned_dataset\images\113.png,images,images,113.png,PNG,188,398,37110,1
2_Cleaned_dataset\images\113_6102.png,images,images,113_6102.png,PNG,188,398,36151,1
2_Cleaned_dataset\images\114.png,images,images,114.png,PNG,188,398,37121,1
2_Cleaned_dataset\images\114_8637.png,images,images,114_8637.png,PNG,188,398,36581,1
2_Cleaned_dataset\images\115.png,images,images,115.png,PNG,188,398,36994,1
2_Cleaned_dataset\images\115_6242.png,images,images,115_6242.png,PNG,188,398,36354,1
2_Cleaned_dataset\images\116.png,images,images,116.png,PNG,188,398,36352,1
2_Cleaned_dataset\images\116_1699.png,images,images,116_1699.png,PNG,188,398,32909,1
2_Cleaned_dataset\images\11_1556.png,images,images,11_1556.png,PNG,188,398,36113,1
2_Cleaned_dataset\images\12.png,images,images,12.png,PNG,188,398,36132,1
2_Cleaned_dataset\images\12_1985.png,images,images,12_1985.png,PNG,188,398,37902,1
2_Cleaned_dataset\images\13.png,images,images,13.png,PNG,188,398,37710,1
2_Cleaned_dataset\images\13_8361.png,images,images,13_8361.png,PNG,188,398,36902,1
2_Cleaned_dataset\images\14.png,images,images,14.png,PNG,188,398,37442,1
2_Cleaned_dataset\images\14_7554.png,images,images,14_7554.png,PNG,188,398,37038,1
2_Cleaned_dataset\images\15.png,images,images,15.png,PNG,188,398,37801,1
2_Cleaned_dataset\images\15_6764.png,images,images,15_6764.png,PNG,188,398,37616,1
2_Cleaned_dataset\images\16.png,images,images,16.png,PNG,188,398,34389,1
2_Cleaned_dataset\images\16_6778.png,images,images,16_6778.png,PNG,188,398,36934,1
2_Cleaned_dataset\images\17.png,images,images,17.png,PNG,188,398,35614,1
2_Cleaned_dataset\images\17_8886.png,images,images,17_8886.png,PNG,188,398,37105,1
2_Cleaned_dataset\images\18.png,images,images,18.png,PNG,188,398,35369,1
2_Cleaned_dataset\images\18_4657.png,images,images,18_4657.png,PNG,188,398,36935,1
2_Cleaned_dataset\images\19.png,images,images,19.png,PNG,188,398,36237,1
2_Cleaned_dataset\images\19_5180.png,images,images,19_5180.png,PNG,188,398,34800,1
2_Cleaned_dataset\images\1_4692.png,images,images,1_4692.png,PNG,188,398,34783,1
2_Cleaned_dataset\images\2.png,images,images,2.png,PNG,188,398,36685,1
2_Cleaned_dataset\images\20.png,images,images,20.png,PNG,188,398,34568,1
2_Cleaned_dataset\images\20_1613.png,images,images,20_1613.png,PNG,188,398,37198,1
2_Cleaned_dataset\images\21.png,images,images,21.png,PNG,188,398,36352,1
2_Cleaned_dataset\images\21_9042.png,images,images,21_9042.png,PNG,188,398,37641,1
2_Cleaned_dataset\images\22.png,images,images,22.png,PNG,188,398,38840,1
2_Cleaned_dataset\images\22_9026.png,images,images,22_9026.png,PNG,188,398,36265,1
2_Cleaned_dataset\images\23.png,images,images,23.png,PNG,188,398,35960,1
2_Cleaned_dataset\images\23_1765.png,images,images,23_1765.png,PNG,188,398,37584,1
2_Cleaned_dataset\images\24.png,images,images,24.png,PNG,188,398,36270,1
2_Cleaned_dataset\images\24_6515.png,images,images,24_6515.png,PNG,188,398,38604,1
2_Cleaned_dataset\images\25.png,images,images,25.png,PNG,188,398,35165,1
2_Cleaned_dataset\images\25_9912.png,images,images,25_9912.png,PNG,188,398,38699,1
2_Cleaned_dataset\images\26.png,images,images,26.png,PNG,188,398,36285,1
2_Cleaned_dataset\images\26_7085.png,images,images,26_7085.png,PNG,188,398,38055,1
2_Cleaned_dataset\images\27.png,images,images,27.png,PNG,188,398,34393,1
2_Cleaned_dataset\images\27_6129.png,images,images,27_6129.png,PNG,188,398,36797,1
2_Cleaned_dataset\images\28.png,images,images,28.png,PNG,188,398,37341,1
2_Cleaned_dataset\images\28_6383.png,images,images,28_6383.png,PNG,188,398,35331,1
2_Cleaned_dataset\images\29.png,images,images,29.png,PNG,188,398,35463,1
2_Cleaned_dataset\images\29_549.png,images,images,29_549.png,PNG,188,398,35175,1
2_Cleaned_dataset\images\2_8214.png,images,images,2_8214.png,PNG,188,398,35958,1
2_Cleaned_dataset\images\3.png,images,images,3.png,PNG,188,398,35948,1
2_Cleaned_dataset\images\30.png,images,images,30.png,PNG,188,398,37634,1
2_Cleaned_dataset\images\30_3637.png,images,images,30_3637.png,PNG,188,398,35756,1
2_Cleaned_dataset\images\31.png,images,images,31.png,PNG,188,398,37614,1
2_Cleaned_dataset\images\31_8152.png,images,images,31_8152.png,PNG,188,398,38183,1
2_Cleaned_dataset\images\32.png,images,images,32.png,PNG,188,398,37395,1
2_Cleaned_dataset\images\32_2196.png,images,images,32_2196.png,PNG,188,398,36685,1
2_Cleaned_dataset\images\33.png,images,images,33.png,PNG,188,398,37533,1
2_Cleaned_dataset\images\33_340.png,images,images,33_340.png,PNG,188,398,38944,1
2_Cleaned_dataset\images\34.png,images,images,34.png,PNG,188,398,38804,1
2_Cleaned_dataset\images\34_9160.png,images,images,34_9160.png,PNG,188,398,34209,1
2_Cleaned_dataset\images\35.png,images,images,35.png,PNG,188,398,37245,1
2_Cleaned_dataset\images\35_8590.png,images,images,35_8590.png,PNG,188,398,38391,1
2_Cleaned_dataset\images\36.png,images,images,36.png,PNG,188,398,35856,1
2_Cleaned_dataset\images\36_3221.png,images,images,36_3221.png,PNG,188,398,38868,1
2_Cleaned_dataset\images\37.png,images,images,37.png,PNG,188,398,36871,1
2_Cleaned_dataset\images\37_5606.png,images,images,37_5606.png,PNG,188,398,37833,1
2_Cleaned_dataset\images\38.png,images,images,38.png,PNG,188,398,36718,1
2_Cleaned_dataset\images\38_7758.png,images,images,38_7758.png,PNG,188,398,36011,1
2_Cleaned_dataset\images\39.png,images,images,39.png,PNG,188,398,38834,1
2_Cleaned_dataset\images\39_2623.png,images,images,39_2623.png,PNG,188,398,36936,1
2_Cleaned_dataset\images\3_6265.png,images,images,3_6265.png,PNG,188,398,37431,1
2_Cleaned_dataset\images\4.png,images,images,4.png,PNG,188,398,36293,1
2_Cleaned_dataset\images\40.png,images,images,40.png,PNG,188,398,35955,1
2_Cleaned_dataset\images\40_6674.png,images,images,40_6674.png,PNG,188,398,38793,1
2_Cleaned_dataset\images\41.png,images,images,41.png,PNG,188,398,31693,1
2_Cleaned_dataset\images\41_950.png,images,images,41_950.png,PNG,188,398,32613,1
2_Cleaned_dataset\images\42.png,images,images,42.png,PNG,188,398,36623,1
2_Cleaned_dataset\images\42_9141.png,images,images,42_9141.png,PNG,188,398,38292,1
2_Cleaned_dataset\images\43.png,images,images,43.png,PNG,188,398,36212,1
2_Cleaned_dataset\images\43_8770.png,images,images,43_8770.png,PNG,188,398,38227,1
2_Cleaned_dataset\images\44.png,images,images,44.png,PNG,188,398,36934,1
2_Cleaned_dataset\images\44_2109.png,images,images,44_2109.png,PNG,188,398,36538,1
2_Cleaned_dataset\images\45.png,images,images,45.png,PNG,188,398,37262,1
2_Cleaned_dataset\images\45_4937.png,images,images,45_4937.png,PNG,188,398,34926,1
2_Cleaned_dataset\images\46.png,images,images,46.png,PNG,188,398,36426,1
2_Cleaned_dataset\images\46_100.png,images,images,46_100.png,PNG,188,398,33531,1
2_Cleaned_dataset\images\47.png,images,images,47.png,PNG,188,398,38085,1
2_Cleaned_dataset\images\47_2824.png,images,images,47_2824.png,PNG,188,398,37388,1
2_Cleaned_dataset\images\48.png,images,images,48.png,PNG,188,398,36842,1
2_Cleaned_dataset\images\48_1337.png,images,images,48_1337.png,PNG,188,398,36763,1
2_Cleaned_dataset\images\49.png,images,images,49.png,PNG,188,398,38258,1
2_Cleaned_dataset\images\49_2130.png,images,images,49_2130.png,PNG,188,398,35423,1
2_Cleaned_dataset\images\4_1420.png,images,images,4_1420.png,PNG,188,398,36988,1
2_Cleaned_dataset\images\5.png,images,images,5.png,PNG,188,398,38407,1
2_Cleaned_dataset\images\50.png,images,images,50.png,PNG,188,398,37080,1
2_Cleaned_dataset\images\50_9419.png,images,images,50_9419.png,PNG,188,398,37679,1
2_Cleaned_dataset\images\51.png,images,images,51.png,PNG,188,398,37506,1
2_Cleaned_dataset\images\51_480.png,images,images,51_480.png,PNG,188,398,36399,1
2_Cleaned_dataset\images\52.png,images,images,52.png,PNG,188,398,36485,1
2_Cleaned_dataset\images\52_9592.png,images,images,52_9592.png,PNG,188,398,37336,1
2_Cleaned_dataset\images\53.png,images,images,53.png,PNG,188,398,37043,1
2_Cleaned_dataset\images\53_7595.png,images,images,53_7595.png,PNG,188,398,38465,1
2_Cleaned_dataset\images\54.png,images,images,54.png,PNG,188,398,35886,1
2_Cleaned_dataset\images\54_7212.png,images,images,54_7212.png,PNG,188,398,37730,1
2_Cleaned_dataset\images\55.png,images,images,55.png,PNG,188,398,37133,1
2_Cleaned_dataset\images\55_795.png,images,images,55_795.png,PNG,188,398,35685,1
2_Cleaned_dataset\images\56.png,images,images,56.png,PNG,188,398,39907,1
2_Cleaned_dataset\images\56_8538.png,images,images,56_8538.png,PNG,188,398,35038,1
2_Cleaned_dataset\images\57.png,images,images,57.png,PNG,188,398,38347,1
2_Cleaned_dataset\images\57_5025.png,images,images,57_5025.png,PNG,188,398,36382,1
2_Cleaned_dataset\images\58.png,images,images,58.png,PNG,188,398,36388,1
2_Cleaned_dataset\images\58_6499.png,images,images,58_6499.png,PNG,188,398,38224,1
2_Cleaned_dataset\images\59.png,images,images,59.png,PNG,188,398,37034,1
2_Cleaned_dataset\images\59_816.png,images,images,59_816.png,PNG,188,398,37800,1
2_Cleaned_dataset\images\5_306.png,images,images,5_306.png,PNG,188,398,36674,1
2_Cleaned_dataset\images\6.png,images,images,6.png,PNG,188,398,35684,1
2_Cleaned_dataset\images\60.png,images,images,60.png,PNG,188,398,36425,1
2_Cleaned_dataset\images\60_1926.png,images,images,60_1926.png,PNG,188,398,36103,1
2_Cleaned_dataset\images\61.png,images,images,61.png,PNG,188,398,36792,1
2_Cleaned_dataset\images\61_5142.png,images,images,61_5142.png,PNG,188,398,38361,1
2_Cleaned_dataset\images\62.png,images,images,62.png,PNG,188,398,36383,1
2_Cleaned_dataset\images\62_8565.png,images,images,62_8565.png,PNG,188,398,38499,1
2_Cleaned_dataset\images\63.png,images,images,63.png,PNG,188,398,36339,1
2_Cleaned_dataset\images\63_8194.png,images,images,63_8194.png,PNG,188,398,36712,1
2_Cleaned_dataset\images\64.png,images,images,64.png,PNG,188,398,36014,1
2_Cleaned_dataset\images\64_8510.png,images,images,64_8510.png,PNG,188,398,37050,1
2_Cleaned_dataset\images\65.png,images,images,65.png,PNG,188,398,35833,1
2_Cleaned_dataset\images\65_6732.png,images,images,65_6732.png,PNG,188,398,36156,1
2_Cleaned_dataset\images\66.png,images,images,66.png,PNG,188,398,37855,1
2_Cleaned_dataset\images\66_2956.png,images,images,66_2956.png,PNG,188,398,37626,1
2_Cleaned_dataset\images\67.png,images,images,67.png,PNG,188,398,39017,1
2_Cleaned_dataset\images\67_2752.png,images,images,67_2752.png,PNG,188,398,35308,1
2_Cleaned_dataset\images\68.png,images,images,68.png,PNG,188,398,35960,1
2_Cleaned_dataset\images\68_7643.png,images,images,68_7643.png,PNG,188,398,37462,1
2_Cleaned_dataset\images\69.png,images,images,69.png,PNG,188,398,36958,1
2_Cleaned_dataset\images\69_1745.png,images,images,69_1745.png,PNG,188,398,36807,1
2_Cleaned_dataset\images\6_3024.png,images,images,6_3024.png,PNG,188,398,37354,1
2_Cleaned_dataset\images\7.png,images,images,7.png,PNG,188,398,35751,1
2_Cleaned_dataset\images\70.png,images,images,70.png,PNG,188,398,36146,1
2_Cleaned_dataset\images\70_8105.png,images,images,70_8105.png,PNG,188,398,35122,1
2_Cleaned_dataset\images\71.png,images,images,71.png,PNG,188,398,36929,1
2_Cleaned_dataset\images\71_9587.png,images,images,71_9587.png,PNG,188,398,39961,1
2_Cleaned_dataset\images\72.png,images,images,72.png,PNG,188,398,38589,1
2_Cleaned_dataset\images\72_9200.png,images,images,72_9200.png,PNG,188,398,36723,1
2_Cleaned_dataset\images\73.png,images,images,73.png,PNG,188,398,39091,1
2_Cleaned_dataset\images\73_7723.png,images,images,73_7723.png,PNG,188,398,36614,1
2_Cleaned_dataset\images\74.png,images,images,74.png,PNG,188,398,39576,1
2_Cleaned_dataset\images\74_3526.png,images,images,74_3526.png,PNG,188,398,38880,1
2_Cleaned_dataset\images\75.png,images,images,75.png,PNG,188,398,36528,1
2_Cleaned_dataset\images\75_8237.png,images,images,75_8237.png,PNG,188,398,39541,1
2_Cleaned_dataset\images\76.png,images,images,76.png,PNG,188,398,36512,1
2_Cleaned_dataset\images\76_3495.png,images,images,76_3495.png,PNG,188,398,35789,1
2_Cleaned_dataset\images\77.png,images,images,77.png,PNG,188,398,35353,1
2_Cleaned_dataset\images\77_5292.png,images,images,77_5292.png,PNG,188,398,38368,1
2_Cleaned_dataset\images\78.png,images,images,78.png,PNG,188,398,36868,1
2_Cleaned_dataset\images\78_7859.png,images,images,78_7859.png,PNG,188,398,35323,1
2_Cleaned_dataset\images\79.png,images,images,79.png,PNG,188,398,36504,1
2_Cleaned_dataset\images\79_672.png,images,images,79_672.png,PNG,188,398,36302,1
2_Cleaned_dataset\images\7_2805.png,images,images,7_2805.png,PNG,188,398,36874,1
2_Cleaned_dataset\images\8.png,images,images,8.png,PNG,188,398,36805,1
2_Cleaned_dataset\images\80.png,images,images,80.png,PNG,188,398,36574,1
2_Cleaned_dataset\images\80_5730.png,images,images,80_5730.png,PNG,188,398,37835,1
2_Cleaned_dataset\images\81.png,images,images,81.png,PNG,188,398,35867,1
2_Cleaned_dataset\images\81_9437.png,images,images,81_9437.png,PNG,188,398,36321,1
2_Cleaned_dataset\images\82.png,images,images,82.png,PNG,188,398,35422,1
2_Cleaned_dataset\images\82_6427.png,images,images,82_6427.png,PNG,188,398,36505,1
2_Cleaned_dataset\images\83.png,images,images,83.png,PNG,188,398,38650,1
2_Cleaned_dataset\images\83_4741.png,images,images,83_4741.png,PNG,188,398,37008,1
2_Cleaned_dataset\images\84.png,images,images,84.png,PNG,188,398,36301,1
2_Cleaned_dataset\images\84_1143.png,images,images,84_1143.png,PNG,188,398,37350,1
2_Cleaned_dataset\images\85.png,images,images,85.png,PNG,188,398,35308,1
2_Cleaned_dataset\images\85_7748.png,images,images,85_7748.png,PNG,188,398,36934,1
2_Cleaned_dataset\images\86.png,images,images,86.png,PNG,188,398,37485,1
2_Cleaned_dataset\images\86_70.png,images,images,86_70.png,PNG,188,398,37042,1
2_Cleaned_dataset\images\87.png,images,images,87.png,PNG,188,398,37546,1
2_Cleaned_dataset\images\87_6990.png,images,images,87_6990.png,PNG,188,398,36226,1
2_Cleaned_dataset\images\88.png,images,images,88.png,PNG,188,398,35582,1
2_Cleaned_dataset\images\88_6870.png,images,images,88_6870.png,PNG,188,398,38507,1
2_Cleaned_dataset\images\89.png,images,images,89.png,PNG,188,398,36335,1
2_Cleaned_dataset\images\89_9378.png,images,images,89_9378.png,PNG,188,398,38300,1
2_Cleaned_dataset\images\8_1519.png,images,images,8_1519.png,PNG,188,398,37201,1
2_Cleaned_dataset\images\9.png,images,images,9.png,PNG,188,398,38036,1
2_Cleaned_dataset\images\90.png,images,images,90.png,PNG,188,398,35340,1
2_Cleaned_dataset\images\90_5434.png,images,images,90_5434.png,PNG,188,398,37942,1
2_Cleaned_dataset\images\91.png,images,images,91.png,PNG,188,398,35244,1
2_Cleaned_dataset\images\91_1512.png,images,images,91_1512.png,PNG,188,398,39944,1
2_Cleaned_dataset\images\92.png,images,images,92.png,PNG,188,398,35928,1
2_Cleaned_dataset\images\92_3593.png,images,images,92_3593.png,PNG,188,398,38883,1
2_Cleaned_dataset\images\93.png,images,images,93.png,PNG,188,398,35917,1
2_Cleaned_dataset\images\93_7858.png,images,images,93_7858.png,PNG,188,398,38095,1
2_Cleaned_dataset\images\94.png,images,images,94.png,PNG,188,398,37891,1
2_Cleaned_dataset\images\94_5489.png,images,images,94_5489.png,PNG,188,398,36130,1
2_Cleaned_dataset\images\95.png,images,images,95.png,PNG,188,398,37385,1
2_Cleaned_dataset\images\95_899.png,images,images,95_899.png,PNG,188,398,37210,1
2_Cleaned_dataset\images\96.png,images,images,96.png,PNG,188,398,34744,1
2_Cleaned_dataset\images\96_3811.png,images,images,96_3811.png,PNG,188,398,38976,1
2_Cleaned_dataset\images\97.png,images,images,97.png,PNG,188,398,35579,1
2_Cleaned_dataset\images\97_2825.png,images,images,97_2825.png,PNG,188,398,37832,1
2_Cleaned_dataset\images\98.png,images,images,98.png,PNG,188,398,36031,1
2_Cleaned_dataset\images\98_2198.png,images,images,98_2198.png,PNG,188,398,38667,1
2_Cleaned_dataset\images\99.png,images,images,99.png,PNG,188,398,39461,1
2_Cleaned_dataset\images\99_3502.png,images,images,99_3502.png,PNG,188,398,35467,1
2_Cleaned_dataset\images\9_3413.png,images,images,9_3413.png,PNG,188,398,37969,1
2_Cleaned_dataset\images\cate1-00001.png,images,images,cate1-00001.png,PNG,188,398,36147,1
2_Cleaned_dataset\images\cate1-00002.png,images,images,cate1-00002.png,PNG,188,398,38624,1
2_Cleaned_dataset\images\cate1-00003.png,images,images,cate1-00003.png,PNG,188,398,38466,1
2_Cleaned_dataset\images\cate1-00004.png,images,images,cate1-00004.png,PNG,188,398,40051,1
2_Cleaned_dataset\images\cate1-00005.png,images,images,cate1-00005.png,PNG,188,398,38408,1
2_Cleaned_dataset\images\cate1-00006.png,images,images,cate1-00006.png,PNG,188,398,40481,1
2_Cleaned_dataset\images\cate1-00007.png,images,images,cate1-00007.png,PNG,188,398,38398,1
2_Cleaned_dataset\images\cate1-00008.png,images,images,cate1-00008.png,PNG,188,398,39887,1
2_Cleaned_dataset\images\cate1-00009.png,images,images,cate1-00009.png,PNG,188,398,39002,1
2_Cleaned_dataset\images\cate1-00010.png,images,images,cate1-00010.png,PNG,188,398,40250,1
2_Cleaned_dataset\images\cate1-00011.png,images,images,cate1-00011.png,PNG,188,398,39841,1
2_Cleaned_dataset\images\cate1-00012.png,images,images,cate1-00012.png,PNG,188,398,38157,1
2_Cleaned_dataset\images\cate1-00013.png,images,images,cate1-00013.png,PNG,188,398,39755,1
2_Cleaned_dataset\images\cate1-00014.png,images,images,cate1-00014.png,PNG,188,398,36506,1
2_Cleaned_dataset\images\cate1-00015.png,images,images,cate1-00015.png,PNG,188,398,38141,1
2_Cleaned_dataset\images\cate1-00016.png,images,images,cate1-00016.png,PNG,188,398,38964,1
2_Cleaned_dataset\images\cate1-00017.png,images,images,cate1-00017.png,PNG,188,398,39998,1
2_Cleaned_dataset\images\cate1-00018.png,images,images,cate1-00018.png,PNG,188,398,37136,1
2_Cleaned_dataset\images\cate1-00019.png,images,images,cate1-00019.png,PNG,188,398,38415,1
2_Cleaned_dataset\images\cate1-00020.png,images,images,cate1-00020.png,PNG,188,398,38896,1
2_Cleaned_dataset\images\cate1-00021.png,images,images,cate1-00021.png,PNG,188,398,38264,1
2_Cleaned_dataset\images\cate1-00022.png,images,images,cate1-00022.png,PNG,188,398,37764,1
2_Cleaned_dataset\images\cate1-00023.png,images,images,cate1-00023.png,PNG,188,398,40092,1
2_Cleaned_dataset\images\cate1-00024.png,images,images,cate1-00024.png,PNG,188,398,38351,1
2_Cleaned_dataset\images\cate1-00025.png,images,images,cate1-00025.png,PNG,188,398,39248,1
2_Cleaned_dataset\images\cate1-00026.png,images,images,cate1-00026.png,PNG,188,398,38016,1
2_Cleaned_dataset\images\cate1-00027.png,images,images,cate1-00027.png,PNG,188,398,38348,1
2_Cleaned_dataset\images\cate1-00028.png,images,images,cate1-00028.png,PNG,188,398,38763,1
2_Cleaned_dataset\images\cate1-00029.png,images,images,cate1-00029.png,PNG,188,398,37880,1
2_Cleaned_dataset\images\cate1-00030.png,images,images,cate1-00030.png,PNG,188,398,36987,1
2_Cleaned_dataset\images\cate1-00031.png,images,images,cate1-00031.png,PNG,188,398,38980,1
2_Cleaned_dataset\images\cate1-00032.png,images,images,cate1-00032.png,PNG,188,398,37862,1
2_Cleaned_dataset\images\cate1-00033.png,images,images,cate1-00033.png,PNG,188,398,38518,1
2_Cleaned_dataset\images\cate1-00034.png,images,images,cate1-00034.png,PNG,188,398,38474,1
2_Cleaned_dataset\images\cate1-00035.png,images,images,cate1-00035.png,PNG,188,398,38340,1
2_Cleaned_dataset\images\cate1-00036.png,images,images,cate1-00036.png,PNG,188,398,38123,1
2_Cleaned_dataset\images\cate1-00037.png,images,images,cate1-00037.png,PNG,188,398,39006,1
2_Cleaned_dataset\images\cate1-00038.png,images,images,cate1-00038.png,PNG,188,398,38489,1
2_Cleaned_dataset\images\cate1-00039.png,images,images,cate1-00039.png,PNG,188,398,38651,1
2_Cleaned_dataset\images\cate1-00040.png,images,images,cate1-00040.png,PNG,188,398,37761,1
2_Cleaned_dataset\images\cate1-00041.png,images,images,cate1-00041.png,PNG,188,398,38145,1
2_Cleaned_dataset\images\cate1-00042.png,images,images,cate1-00042.png,PNG,188,398,39344,1
2_Cleaned_dataset\images\cate1-00043.png,images,images,cate1-00043.png,PNG,188,398,40663,1
2_Cleaned_dataset\images\cate1-00044.png,images,images,cate1-00044.png,PNG,188,398,39767,1
2_Cleaned_dataset\images\cate1-00045.png,images,images,cate1-00045.png,PNG,188,398,38948,1
2_Cleaned_dataset\images\cate1-00046.png,images,images,cate1-00046.png,PNG,188,398,39478,1
2_Cleaned_dataset\images\cate1-00047.png,images,images,cate1-00047.png,PNG,188,398,39413,1
2_Cleaned_dataset\images\cate1-00048.png,images,images,cate1-00048.png,PNG,188,398,39497,1
2_Cleaned_dataset\images\cate1-00049.png,images,images,cate1-00049.png,PNG,188,398,38591,1
2_Cleaned_dataset\images\cate1-00050.png,images,images,cate1-00050.png,PNG,188,398,37975,1
2_Cleaned_dataset\images\cate1-00051.png,images,images,cate1-00051.png,PNG,188,398,38819,1
2_Cleaned_dataset\images\cate1-00052.png,images,images,cate1-00052.png,PNG,188,398,38385,1
2_Cleaned_dataset\images\cate1-00053.png,images,images,cate1-00053.png,PNG,188,398,39160,1
2_Cleaned_dataset\images\cate1-00054.png,images,images,cate1-00054.png,PNG,188,398,39561,1
2_Cleaned_dataset\images\cate1-00055.png,images,images,cate1-00055.png,PNG,188,398,38133,1
2_Cleaned_dataset\images\cate1-00056.png,images,images,cate1-00056.png,PNG,188,398,40520,1
2_Cleaned_dataset\images\cate1-00057.png,images,images,cate1-00057.png,PNG,188,398,39465,1
2_Cleaned_dataset\images\cate1-00058.png,images,images,cate1-00058.png,PNG,188,398,39764,1
2_Cleaned_dataset\images\cate1-00059.png,images,images,cate1-00059.png,PNG,188,398,39150,1
2_Cleaned_dataset\images\cate1-00060.png,images,images,cate1-00060.png,PNG,188,398,37589,1
2_Cleaned_dataset\images\cate1-00061.png,images,images,cate1-00061.png,PNG,188,398,39174,1
2_Cleaned_dataset\images\cate1-00062.png,images,images,cate1-00062.png,PNG,188,398,39255,1
2_Cleaned_dataset\images\cate1-00063.png,images,images,cate1-00063.png,PNG,188,398,38995,1
2_Cleaned_dataset\images\cate1-00064.png,images,images,cate1-00064.png,PNG,188,398,38167,1
2_Cleaned_dataset\images\cate1-00065.png,images,images,cate1-00065.png,PNG,188,398,38842,1
2_Cleaned_dataset\images\cate1-00066.png,images,images,cate1-00066.png,PNG,188,398,39880,1
2_Cleaned_dataset\images\cate1-00067.png,images,images,cate1-00067.png,PNG,188,398,39365,1
2_Cleaned_dataset\images\cate1-00068.png,images,images,cate1-00068.png,PNG,188,398,40641,1
2_Cleaned_dataset\images\cate1-00069.png,images,images,cate1-00069.png,PNG,188,398,39447,1
2_Cleaned_dataset\images\cate1-00070.png,images,images,cate1-00070.png,PNG,188,398,40037,1
2_Cleaned_dataset\images\cate1-00071.png,images,images,cate1-00071.png,PNG,188,398,39447,1
2_Cleaned_dataset\images\cate1-00072.png,images,images,cate1-00072.png,PNG,188,398,38780,1
2_Cleaned_dataset\images\cate1-00073.png,images,images,cate1-00073.png,PNG,188,398,38760,1
2_Cleaned_dataset\images\cate1_000.png,images,images,cate1_000.png,PNG,188,398,37451,1
2_Cleaned_dataset\images\cate1_000_205.png,images,images,cate1_000_205.png,PNG,188,398,37654,1
2_Cleaned_dataset\images\cate1_000_3871.png,images,images,cate1_000_3871.png,PNG,188,398,38063,1
2_Cleaned_dataset\images\cate1_000_5410.png,images,images,cate1_000_5410.png,PNG,188,398,37654,1
2_Cleaned_dataset\images\cate1_001.png,images,images,cate1_001.png,PNG,188,398,37451,1
2_Cleaned_dataset\images\cate1_001_1131.png,images,images,cate1_001_1131.png,PNG,188,398,36970,1
2_Cleaned_dataset\images\cate1_001_7967.png,images,images,cate1_001_7967.png,PNG,188,398,37966,1
2_Cleaned_dataset\images\cate1_001_8473.png,images,images,cate1_001_8473.png,PNG,188,398,36696,1
2_Cleaned_dataset\images\cate1_002.png,images,images,cate1_002.png,PNG,188,398,37966,1
2_Cleaned_dataset\images\cate1_002_4518.png,images,images,cate1_002_4518.png,PNG,188,398,38193,1
2_Cleaned_dataset\images\cate1_002_5168.png,images,images,cate1_002_5168.png,PNG,188,398,37947,1
2_Cleaned_dataset\images\cate1_002_8875.png,images,images,cate1_002_8875.png,PNG,188,398,36538,1
2_Cleaned_dataset\images\cate1_003.png,images,images,cate1_003.png,PNG,188,398,38068,1
2_Cleaned_dataset\images\cate1_003_2881.png,images,images,cate1_003_2881.png,PNG,188,398,37947,1
2_Cleaned_dataset\images\cate1_003_3545.png,images,images,cate1_003_3545.png,PNG,188,398,37424,1
2_Cleaned_dataset\images\cate1_003_477.png,images,images,cate1_003_477.png,PNG,188,398,38306,1
2_Cleaned_dataset\images\cate1_004.png,images,images,cate1_004.png,PNG,188,398,38383,1
2_Cleaned_dataset\images\cate1_004_3410.png,images,images,cate1_004_3410.png,PNG,188,398,37348,1
2_Cleaned_dataset\images\cate1_004_6969.png,images,images,cate1_004_6969.png,PNG,188,398,38306,1
2_Cleaned_dataset\images\cate1_004_9689.png,images,images,cate1_004_9689.png,PNG,188,398,38400,1
2_Cleaned_dataset\images\cate1_005.png,images,images,cate1_005.png,PNG,188,398,37348,1
2_Cleaned_dataset\images\cate1_005_6268.png,images,images,cate1_005_6268.png,PNG,188,398,39292,1
2_Cleaned_dataset\images\cate1_005_6349.png,images,images,cate1_005_6349.png,PNG,188,398,37676,1
2_Cleaned_dataset\images\cate1_005_973.png,images,images,cate1_005_973.png,PNG,188,398,38090,1
2_Cleaned_dataset\images\cate1_006.png,images,images,cate1_006.png,PNG,188,398,39292,1
2_Cleaned_dataset\images\cate1_006_1337.png,images,images,cate1_006_1337.png,PNG,188,398,37266,1
2_Cleaned_dataset\images\cate1_006_3835.png,images,images,cate1_006_3835.png,PNG,188,398,38628,1
2_Cleaned_dataset\images\cate1_006_8299.png,images,images,cate1_006_8299.png,PNG,188,398,37797,1
2_Cleaned_dataset\images\cate1_007.png,images,images,cate1_007.png,PNG,188,398,37266,1
2_Cleaned_dataset\images\cate1_007_2438.png,images,images,cate1_007_2438.png,PNG,188,398,37544,1
2_Cleaned_dataset\images\cate1_007_624.png,images,images,cate1_007_624.png,PNG,188,398,38231,1
2_Cleaned_dataset\images\cate1_007_7207.png,images,images,cate1_007_7207.png,PNG,188,398,38232,1
2_Cleaned_dataset\images\cate1_008.png,images,images,cate1_008.png,PNG,188,398,37673,1
2_Cleaned_dataset\images\cate1_008_2003.png,images,images,cate1_008_2003.png,PNG,188,398,38223,1
2_Cleaned_dataset\images\cate1_008_5845.png,images,images,cate1_008_5845.png,PNG,188,398,37544,1
2_Cleaned_dataset\images\cate1_008_9952.png,images,images,cate1_008_9952.png,PNG,188,398,37793,1
2_Cleaned_dataset\images\cate1_009.png,images,images,cate1_009.png,PNG,188,398,37793,1
2_Cleaned_dataset\images\cate1_009_1906.png,images,images,cate1_009_1906.png,PNG,188,398,35982,1
2_Cleaned_dataset\images\cate1_009_5426.png,images,images,cate1_009_5426.png,PNG,188,398,37200,1
2_Cleaned_dataset\images\cate1_009_7208.png,images,images,cate1_009_7208.png,PNG,188,398,36970,1
2_Cleaned_dataset\images\cate1_010.png,images,images,cate1_010.png,PNG,188,398,37200,1
2_Cleaned_dataset\images\cate1_010_1395.png,images,images,cate1_010_1395.png,PNG,188,398,37448,1
2_Cleaned_dataset\images\cate1_010_3157.png,images,images,cate1_010_3157.png,PNG,188,398,38633,1
2_Cleaned_dataset\images\cate1_010_7749.png,images,images,cate1_010_7749.png,PNG,188,398,36538,1
2_Cleaned_dataset\images\cate1_011.png,images,images,cate1_011.png,PNG,188,398,38633,1
2_Cleaned_dataset\images\cate1_011_1097.png,images,images,cate1_011_1097.png,PNG,188,398,38068,1
2_Cleaned_dataset\images\cate1_011_3783.png,images,images,cate1_011_3783.png,PNG,188,398,36696,1
2_Cleaned_dataset\images\cate1_011_5580.png,images,images,cate1_011_5580.png,PNG,188,398,36861,1
2_Cleaned_dataset\images\cate1_012.png,images,images,cate1_012.png,PNG,188,398,38253,1
2_Cleaned_dataset\images\cate1_012_2877.png,images,images,cate1_012_2877.png,PNG,188,398,38400,1
2_Cleaned_dataset\images\cate1_012_3215.png,images,images,cate1_012_3215.png,PNG,188,398,36861,1
2_Cleaned_dataset\images\cate1_012_9056.png,images,images,cate1_012_9056.png,PNG,188,398,37826,1
2_Cleaned_dataset\images\cate1_013.png,images,images,cate1_013.png,PNG,188,398,38533,1
2_Cleaned_dataset\images\cate1_013_1762.png,images,images,cate1_013_1762.png,PNG,188,398,38013,1
2_Cleaned_dataset\images\cate1_013_822.png,images,images,cate1_013_822.png,PNG,188,398,37676,1
2_Cleaned_dataset\images\cate1_013_9754.png,images,images,cate1_013_9754.png,PNG,188,398,38253,1
2_Cleaned_dataset\images\cate1_014.png,images,images,cate1_014.png,PNG,188,398,38533,1
2_Cleaned_dataset\images\cate1_014_1189.png,images,images,cate1_014_1189.png,PNG,188,398,37671,1
2_Cleaned_dataset\images\cate2-00001.png,images,images,cate2-00001.png,PNG,188,398,38700,1
2_Cleaned_dataset\images\cate2-00002.png,images,images,cate2-00002.png,PNG,188,398,38621,1
2_Cleaned_dataset\images\cate2-00003.png,images,images,cate2-00003.png,PNG,188,398,39062,1
2_Cleaned_dataset\images\cate2-00004.png,images,images,cate2-00004.png,PNG,188,398,38567,1
2_Cleaned_dataset\images\cate2-00005.png,images,images,cate2-00005.png,PNG,188,398,38323,1
2_Cleaned_dataset\images\cate2-00006.png,images,images,cate2-00006.png,PNG,188,398,37545,1
2_Cleaned_dataset\images\cate2-00007.png,images,images,cate2-00007.png,PNG,188,398,37356,1
2_Cleaned_dataset\images\cate2-00008.png,images,images,cate2-00008.png,PNG,188,398,37617,1
2_Cleaned_dataset\images\cate2-00009.png,images,images,cate2-00009.png,PNG,188,398,36739,1
2_Cleaned_dataset\images\cate2-00010.png,images,images,cate2-00010.png,PNG,188,398,36172,1
2_Cleaned_dataset\images\cate2-00011.png,images,images,cate2-00011.png,PNG,188,398,38461,1
2_Cleaned_dataset\images\cate2-00012.png,images,images,cate2-00012.png,PNG,188,398,36485,1
2_Cleaned_dataset\images\cate2-00013.png,images,images,cate2-00013.png,PNG,188,398,38224,1
2_Cleaned_dataset\images\cate2-00014.png,images,images,cate2-00014.png,PNG,188,398,37107,1
2_Cleaned_dataset\images\cate2-00015.png,images,images,cate2-00015.png,PNG,188,398,37684,1
2_Cleaned_dataset\images\cate2-00016.png,images,images,cate2-00016.png,PNG,188,398,37230,1
2_Cleaned_dataset\images\cate2-00017.png,images,images,cate2-00017.png,PNG,188,398,37357,1
2_Cleaned_dataset\images\cate2-00018.png,images,images,cate2-00018.png,PNG,188,398,38644,1
2_Cleaned_dataset\images\cate2-00019.png,images,images,cate2-00019.png,PNG,188,398,37717,1
2_Cleaned_dataset\images\cate2-00020.png,images,images,cate2-00020.png,PNG,188,398,37602,1
2_Cleaned_dataset\images\cate2-00021.png,images,images,cate2-00021.png,PNG,188,398,38082,1
2_Cleaned_dataset\images\cate2-00022.png,images,images,cate2-00022.png,PNG,188,398,39456,1
2_Cleaned_dataset\images\cate2-00023.png,images,images,cate2-00023.png,PNG,188,398,37632,1
2_Cleaned_dataset\images\cate2-00024.png,images,images,cate2-00024.png,PNG,188,398,37059,1
2_Cleaned_dataset\images\cate2-00025.png,images,images,cate2-00025.png,PNG,188,398,36666,1
2_Cleaned_dataset\images\cate2-00026.png,images,images,cate2-00026.png,PNG,188,398,40177,1
2_Cleaned_dataset\images\cate2-00027.png,images,images,cate2-00027.png,PNG,188,398,38031,1
2_Cleaned_dataset\images\cate2-00028.png,images,images,cate2-00028.png,PNG,188,398,37469,1
2_Cleaned_dataset\images\cate2-00029.png,images,images,cate2-00029.png,PNG,188,398,36741,1
2_Cleaned_dataset\images\cate2-00030.png,images,images,cate2-00030.png,PNG,188,398,39082,1
2_Cleaned_dataset\images\cate2-00031.png,images,images,cate2-00031.png,PNG,188,398,36934,1
2_Cleaned_dataset\images\cate2-00032.png,images,images,cate2-00032.png,PNG,188,398,38736,1
2_Cleaned_dataset\images\cate2-00033.png,images,images,cate2-00033.png,PNG,188,398,37054,1
2_Cleaned_dataset\images\cate2-00034.png,images,images,cate2-00034.png,PNG,188,398,38093,1
2_Cleaned_dataset\images\cate2-00035.png,images,images,cate2-00035.png,PNG,188,398,38008,1
2_Cleaned_dataset\images\cate2-00036.png,images,images,cate2-00036.png,PNG,188,398,38243,1
2_Cleaned_dataset\images\cate2-00037.png,images,images,cate2-00037.png,PNG,188,398,37186,1
2_Cleaned_dataset\images\cate2-00038.png,images,images,cate2-00038.png,PNG,188,398,38394,1
2_Cleaned_dataset\images\cate2-00039.png,images,images,cate2-00039.png,PNG,188,398,36765,1
2_Cleaned_dataset\images\cate2-00040.png,images,images,cate2-00040.png,PNG,188,398,37500,1
2_Cleaned_dataset\images\cate2-00041.png,images,images,cate2-00041.png,PNG,188,398,37689,1
2_Cleaned_dataset\images\cate2-00042.png,images,images,cate2-00042.png,PNG,188,398,37434,1
2_Cleaned_dataset\images\cate2-00043.png,images,images,cate2-00043.png,PNG,188,398,38042,1
2_Cleaned_dataset\images\cate2-00044.png,images,images,cate2-00044.png,PNG,188,398,39539,1
2_Cleaned_dataset\images\cate2-00045.png,images,images,cate2-00045.png,PNG,188,398,39477,1
2_Cleaned_dataset\images\cate2-00046.png,images,images,cate2-00046.png,PNG,188,398,37459,1
2_Cleaned_dataset\images\cate2-00047.png,images,images,cate2-00047.png,PNG,188,398,37303,1
2_Cleaned_dataset\images\cate2-00048.png,images,images,cate2-00048.png,PNG,188,398,37992,1
2_Cleaned_dataset\images\cate2-00049.png,images,images,cate2-00049.png,PNG,188,398,38188,1
2_Cleaned_dataset\images\cate2-00050.png,images,images,cate2-00050.png,PNG,188,398,36827,1
2_Cleaned_dataset\images\cate2-00051.png,images,images,cate2-00051.png,PNG,188,398,38061,1
2_Cleaned_dataset\images\cate2-00052.png,images,images,cate2-00052.png,PNG,188,398,38336,1
2_Cleaned_dataset\images\cate2-00053.png,images,images,cate2-00053.png,PNG,188,398,38578,1
2_Cleaned_dataset\images\cate2-00054.png,images,images,cate2-00054.png,PNG,188,398,39320,1
2_Cleaned_dataset\images\cate2-00055.png,images,images,cate2-00055.png,PNG,188,398,39119,1
2_Cleaned_dataset\images\cate2-00056.png,images,images,cate2-00056.png,PNG,188,398,37394,1
2_Cleaned_dataset\images\cate2-00057.png,images,images,cate2-00057.png,PNG,188,398,36392,1
2_Cleaned_dataset\images\cate2-00058.png,images,images,cate2-00058.png,PNG,188,398,38993,1
2_Cleaned_dataset\images\cate2-00059.png,images,images,cate2-00059.png,PNG,188,398,36787,1
2_Cleaned_dataset\images\cate2-00060.png,images,images,cate2-00060.png,PNG,188,398,38351,1
2_Cleaned_dataset\images\cate2-00061.png,images,images,cate2-00061.png,PNG,188,398,37460,1
2_Cleaned_dataset\images\cate2-00062.png,images,images,cate2-00062.png,PNG,188,398,37578,1
2_Cleaned_dataset\images\cate2-00063.png,images,images,cate2-00063.png,PNG,188,398,38442,1
2_Cleaned_dataset\images\cate2-00064.png,images,images,cate2-00064.png,PNG,188,398,37229,1
2_Cleaned_dataset\images\cate2-00065.png,images,images,cate2-00065.png,PNG,188,398,37198,1
2_Cleaned_dataset\images\cate2-00066.png,images,images,cate2-00066.png,PNG,188,398,38417,1
2_Cleaned_dataset\images\cate2-00067.png,images,images,cate2-00067.png,PNG,188,398,38043,1
2_Cleaned_dataset\images\cate2-00068.png,images,images,cate2-00068.png,PNG,188,398,38736,1
2_Cleaned_dataset\images\cate2-00069.png,images,images,cate2-00069.png,PNG,188,398,38097,1
2_Cleaned_dataset\images\cate2-00070.png,images,images,cate2-00070.png,PNG,188,398,36496,1
2_Cleaned_dataset\images\cate2-00071.png,images,images,cate2-00071.png,PNG,188,398,38291,1
2_Cleaned_dataset\images\cate2-00072.png,images,images,cate2-00072.png,PNG,188,398,37510,1
2_Cleaned_dataset\images\cate2-00073.png,images,images,cate2-00073.png,PNG,188,398,38172,1
2_Cleaned_dataset\images\cate2-00074.png,images,images,cate2-00074.png,PNG,188,398,38744,1
2_Cleaned_dataset\images\cate2-00075.png,images,images,cate2-00075.png,PNG,188,398,38472,1
2_Cleaned_dataset\images\cate2-00076.png,images,images,cate2-00076.png,PNG,188,398,37091,1
2_Cleaned_dataset\images\cate2-00077.png,images,images,cate2-00077.png,PNG,188,398,36267,1
2_Cleaned_dataset\images\cate2-00078.png,images,images,cate2-00078.png,PNG,188,398,37644,1
2_Cleaned_dataset\images\cate2-00079.png,images,images,cate2-00079.png,PNG,188,398,37125,1
2_Cleaned_dataset\images\cate2-00080.png,images,images,cate2-00080.png,PNG,188,398,38801,1
2_Cleaned_dataset\images\cate2-00081.png,images,images,cate2-00081.png,PNG,188,398,37193,1
2_Cleaned_dataset\images\cate2-00082.png,images,images,cate2-00082.png,PNG,188,398,38551,1
2_Cleaned_dataset\images\cate2-00083.png,images,images,cate2-00083.png,PNG,188,398,37777,1
2_Cleaned_dataset\images\cate2-00084.png,images,images,cate2-00084.png,PNG,188,398,38088,1
2_Cleaned_dataset\images\cate2-00085.png,images,images,cate2-00085.png,PNG,188,398,37055,1
2_Cleaned_dataset\images\cate2-00086.png,images,images,cate2-00086.png,PNG,188,398,38602,1
2_Cleaned_dataset\images\cate2-00087.png,images,images,cate2-00087.png,PNG,188,398,36291,1
2_Cleaned_dataset\images\cate2-00088.png,images,images,cate2-00088.png,PNG,188,398,38708,1
2_Cleaned_dataset\images\cate2-00089.png,images,images,cate2-00089.png,PNG,188,398,36952,1
2_Cleaned_dataset\images\cate2-00090.png,images,images,cate2-00090.png,PNG,188,398,37281,1
2_Cleaned_dataset\images\cate2-00091.png,images,images,cate2-00091.png,PNG,188,398,38016,1
2_Cleaned_dataset\images\cate2-00092.png,images,images,cate2-00092.png,PNG,188,398,38062,1
2_Cleaned_dataset\images\cate2-00093.png,images,images,cate2-00093.png,PNG,188,398,37323,1
2_Cleaned_dataset\images\cate2-00094.png,images,images,cate2-00094.png,PNG,188,398,37569,1
2_Cleaned_dataset\images\cate2-00095.png,images,images,cate2-00095.png,PNG,188,398,38949,1
2_Cleaned_dataset\images\cate2-00096.png,images,images,cate2-00096.png,PNG,188,398,37973,1
2_Cleaned_dataset\images\cate2-00097.png,images,images,cate2-00097.png,PNG,188,398,37009,1
2_Cleaned_dataset\images\cate2-00098.png,images,images,cate2-00098.png,PNG,188,398,39474,1
2_Cleaned_dataset\images\cate2-00099.png,images,images,cate2-00099.png,PNG,188,398,37628,1
2_Cleaned_dataset\images\cate2-00100.png,images,images,cate2-00100.png,PNG,188,398,37458,1
2_Cleaned_dataset\images\cate2-00101.png,images,images,cate2-00101.png,PNG,188,398,40556,1
2_Cleaned_dataset\images\cate2-00102.png,images,images,cate2-00102.png,PNG,188,398,37896,1
2_Cleaned_dataset\images\cate2-00103.png,images,images,cate2-00103.png,PNG,188,398,39472,1
2_Cleaned_dataset\images\cate2-00104.png,images,images,cate2-00104.png,PNG,188,398,40144,1
2_Cleaned_dataset\images\cate2-00105.png,images,images,cate2-00105.png,PNG,188,398,39435,1
2_Cleaned_dataset\images\cate2-00106.png,images,images,cate2-00106.png,PNG,188,398,39028,1
2_Cleaned_dataset\images\cate2-00107.png,images,images,cate2-00107.png,PNG,188,398,40069,1
2_Cleaned_dataset\images\cate2-00108.png,images,images,cate2-00108.png,PNG,188,398,36805,1
2_Cleaned_dataset\images\cate2-00109.png,images,images,cate2-00109.png,PNG,188,398,37199,1
2_Cleaned_dataset\images\cate2-00110.png,images,images,cate2-00110.png,PNG,188,398,38510,1
2_Cleaned_dataset\images\cate2-00111.png,images,images,cate2-00111.png,PNG,188,398,40183,1
2_Cleaned_dataset\images\cate2-00112.png,images,images,cate2-00112.png,PNG,188,398,39635,1
2_Cleaned_dataset\images\cate2-00113.png,images,images,cate2-00113.png,PNG,188,398,39171,1
2_Cleaned_dataset\images\cate2-00114.png,images,images,cate2-00114.png,PNG,188,398,39021,1
2_Cleaned_dataset\images\cate2-00115.png,images,images,cate2-00115.png,PNG,188,398,36528,1
2_Cleaned_dataset\images\cate2-00116.png,images,images,cate2-00116.png,PNG,188,398,37530,1
2_Cleaned_dataset\images\cate2-00117.png,images,images,cate2-00117.png,PNG,188,398,37925,1
2_Cleaned_dataset\images\cate2-00118.png,images,images,cate2-00118.png,PNG,188,398,37851,1
2_Cleaned_dataset\images\cate2-00119.png,images,images,cate2-00119.png,PNG,188,398,39393,1
2_Cleaned_dataset\images\cate2-00120.png,images,images,cate2-00120.png,PNG,188,398,39159,1
2_Cleaned_dataset\images\cate2-00121.png,images,images,cate2-00121.png,PNG,188,398,36995,1
2_Cleaned_dataset\images\cate2-00122.png,images,images,cate2-00122.png,PNG,188,398,38284,1
2_Cleaned_dataset\images\cate2-00123.png,images,images,cate2-00123.png,PNG,188,398,36809,1
2_Cleaned_dataset\images\cate2-00124.png,images,images,cate2-00124.png,PNG,188,398,37743,1
2_Cleaned_dataset\images\cate2-00125.png,images,images,cate2-00125.png,PNG,188,398,38498,1
2_Cleaned_dataset\images\cate2-00126.png,images,images,cate2-00126.png,PNG,188,398,37702,1
2_Cleaned_dataset\images\cate2-00127.png,images,images,cate2-00127.png,PNG,188,398,36852,1
2_Cleaned_dataset\images\cate2-00128.png,images,images,cate2-00128.png,PNG,188,398,36695,1
2_Cleaned_dataset\images\cate2-00129.png,images,images,cate2-00129.png,PNG,188,398,37271,1
2_Cleaned_dataset\images\cate2-00130.png,images,images,cate2-00130.png,PNG,188,398,38290,1
2_Cleaned_dataset\images\cate2-00131.png,images,images,cate2-00131.png,PNG,188,398,37511,1
2_Cleaned_dataset\images\cate2-00132.png,images,images,cate2-00132.png,PNG,188,398,36972,1
2_Cleaned_dataset\images\cate2-00133.png,images,images,cate2-00133.png,PNG,188,398,36980,1
2_Cleaned_dataset\images\cate2-00134.png,images,images,cate2-00134.png,PNG,188,398,37884,1
2_Cleaned_dataset\images\cate2-00135.png,images,images,cate2-00135.png,PNG,188,398,38105,1
2_Cleaned_dataset\images\cate2-00136.png,images,images,cate2-00136.png,PNG,188,398,38379,1
2_Cleaned_dataset\images\cate2-00137.png,images,images,cate2-00137.png,PNG,188,398,37857,1
2_Cleaned_dataset\images\cate2-00138.png,images,images,cate2-00138.png,PNG,188,398,37001,1
2_Cleaned_dataset\images\cate2-00139.png,images,images,cate2-00139.png,PNG,188,398,37927,1
2_Cleaned_dataset\images\cate2-00140.png,images,images,cate2-00140.png,PNG,188,398,38916,1
2_Cleaned_dataset\images\cate2-00141.png,images,images,cate2-00141.png,PNG,188,398,37197,1
2_Cleaned_dataset\images\cate2-00142.png,images,images,cate2-00142.png,PNG,188,398,37973,1
2_Cleaned_dataset\images\cate2-00143.png,images,images,cate2-00143.png,PNG,188,398,37678,1
2_Cleaned_dataset\images\cate2-00144.png,images,images,cate2-00144.png,PNG,188,398,37961,1
2_Cleaned_dataset\images\cate2-00145.png,images,images,cate2-00145.png,PNG,188,398,39664,1
2_Cleaned_dataset\images\cate2-00146.png,images,images,cate2-00146.png,PNG,188,398,38175,1
2_Cleaned_dataset\images\cate2-00147.png,images,images,cate2-00147.png,PNG,188,398,37686,1
2_Cleaned_dataset\images\cate2-00148.png,images,images,cate2-00148.png,PNG,188,398,37503,1
2_Cleaned_dataset\images\cate2-00149.png,images,images,cate2-00149.png,PNG,188,398,37957,1
2_Cleaned_dataset\images\cate2-00150.png,images,images,cate2-00150.png,PNG,188,398,40382,1
2_Cleaned_dataset\images\cate2-00151.png,images,images,cate2-00151.png,PNG,188,398,37659,1
2_Cleaned_dataset\images\cate2-00152.png,images,images,cate2-00152.png,PNG,188,398,37984,1
2_Cleaned_dataset\images\cate2-00153.png,images,images,cate2-00153.png,PNG,188,398,38352,1
2_Cleaned_dataset\images\cate2-00154.png,images,images,cate2-00154.png,PNG,188,398,37345,1
2_Cleaned_dataset\images\cate2-00155.png,images,images,cate2-00155.png,PNG,188,398,38080,1
2_Cleaned_dataset\images\cate2-00156.png,images,images,cate2-00156.png,PNG,188,398,38985,1
2_Cleaned_dataset\images\cate2-00157.png,images,images,cate2-00157.png,PNG,188,398,37353,1
2_Cleaned_dataset\images\cate2-00158.png,images,images,cate2-00158.png,PNG,188,398,37437,1
2_Cleaned_dataset\images\cate2-00159.png,images,images,cate2-00159.png,PNG,188,398,39387,1
2_Cleaned_dataset\images\cate2-00160.png,images,images,cate2-00160.png,PNG,188,398,37195,1
2_Cleaned_dataset\images\cate2-00161.png,images,images,cate2-00161.png,PNG,188,398,39336,1
2_Cleaned_dataset\images\cate2-00162.png,images,images,cate2-00162.png,PNG,188,398,37600,1
2_Cleaned_dataset\images\cate2-00163.png,images,images,cate2-00163.png,PNG,188,398,38836,1
2_Cleaned_dataset\images\cate2-00164.png,images,images,cate2-00164.png,PNG,188,398,38398,1
2_Cleaned_dataset\images\cate2-00165.png,images,images,cate2-00165.png,PNG,188,398,37844,1
2_Cleaned_dataset\images\cate2-00166.png,images,images,cate2-00166.png,PNG,188,398,36742,1
2_Cleaned_dataset\images\cate2-00167.png,images,images,cate2-00167.png,PNG,188,398,38333,1
2_Cleaned_dataset\images\cate2-00168.png,images,images,cate2-00168.png,PNG,188,398,37226,1
2_Cleaned_dataset\images\cate2-00169.png,images,images,cate2-00169.png,PNG,188,398,37031,1
2_Cleaned_dataset\images\cate2-00170.png,images,images,cate2-00170.png,PNG,188,398,37455,1
2_Cleaned_dataset\images\cate2-00171.png,images,images,cate2-00171.png,PNG,188,398,37583,1
2_Cleaned_dataset\images\cate2-00172.png,images,images,cate2-00172.png,PNG,188,398,37531,1
2_Cleaned_dataset\images\cate2-00173.png,images,images,cate2-00173.png,PNG,188,398,38493,1
2_Cleaned_dataset\images\cate2-00174.png,images,images,cate2-00174.png,PNG,188,398,38224,1
2_Cleaned_dataset\images\cate2-00175.png,images,images,cate2-00175.png,PNG,188,398,37627,1
2_Cleaned_dataset\images\cate2-00176.png,images,images,cate2-00176.png,PNG,188,398,38811,1
2_Cleaned_dataset\images\cate2-00177.png,images,images,cate2-00177.png,PNG,188,398,37865,1
2_Cleaned_dataset\images\cate2-00178.png,images,images,cate2-00178.png,PNG,188,398,38305,1
2_Cleaned_dataset\images\cate2-00179.png,images,images,cate2-00179.png,PNG,188,398,37253,1
2_Cleaned_dataset\images\cate2-00180.png,images,images,cate2-00180.png,PNG,188,398,38089,1
2_Cleaned_dataset\images\cate2-00181.png,images,images,cate2-00181.png,PNG,188,398,40225,1
2_Cleaned_dataset\images\cate2-00182.png,images,images,cate2-00182.png,PNG,188,398,37165,1
2_Cleaned_dataset\images\cate2-00183.png,images,images,cate2-00183.png,PNG,188,398,37284,1
2_Cleaned_dataset\images\cate2-00184.png,images,images,cate2-00184.png,PNG,188,398,37139,1
2_Cleaned_dataset\images\cate2-00185.png,images,images,cate2-00185.png,PNG,188,398,38885,1
2_Cleaned_dataset\images\cate2-00186.png,images,images,cate2-00186.png,PNG,188,398,38489,1
2_Cleaned_dataset\images\cate2-00187.png,images,images,cate2-00187.png,PNG,188,398,38404,1
2_Cleaned_dataset\images\cate2-00188.png,images,images,cate2-00188.png,PNG,188,398,37360,1
2_Cleaned_dataset\images\cate2-00189.png,images,images,cate2-00189.png,PNG,188,398,39136,1
2_Cleaned_dataset\images\cate2-00190.png,images,images,cate2-00190.png,PNG,188,398,36836,1
2_Cleaned_dataset\images\cate2-00191.png,images,images,cate2-00191.png,PNG,188,398,38700,1
2_Cleaned_dataset\images\cate2-00192.png,images,images,cate2-00192.png,PNG,188,398,38240,1
2_Cleaned_dataset\images\cate2-00193.png,images,images,cate2-00193.png,PNG,188,398,38016,1
2_Cleaned_dataset\images\cate2-00194.png,images,images,cate2-00194.png,PNG,188,398,37862,1
2_Cleaned_dataset\images\cate2-00195.png,images,images,cate2-00195.png,PNG,188,398,36041,1
2_Cleaned_dataset\images\cate2-00196.png,images,images,cate2-00196.png,PNG,188,398,39334,1
2_Cleaned_dataset\images\cate2-00197.png,images,images,cate2-00197.png,PNG,188,398,38634,1
2_Cleaned_dataset\images\cate2-00198.png,images,images,cate2-00198.png,PNG,188,398,38494,1
2_Cleaned_dataset\images\cate2-00199.png,images,images,cate2-00199.png,PNG,188,398,36458,1
2_Cleaned_dataset\images\cate2-00200.png,images,images,cate2-00200.png,PNG,188,398,36920,1
2_Cleaned_dataset\images\cate2-00201.png,images,images,cate2-00201.png,PNG,188,398,37912,1
2_Cleaned_dataset\images\cate2-00202.png,images,images,cate2-00202.png,PNG,188,398,38674,1
2_Cleaned_dataset\images\cate2-00203.png,images,images,cate2-00203.png,PNG,188,398,38920,1
2_Cleaned_dataset\images\cate2-00204.png,images,images,cate2-00204.png,PNG,188,398,37376,1
2_Cleaned_dataset\images\cate2-00205.png,images,images,cate2-00205.png,PNG,188,398,38323,1
2_Cleaned_dataset\images\cate2-00206.png,images,images,cate2-00206.png,PNG,188,398,39231,1
2_Cleaned_dataset\images\cate2-00207.png,images,images,cate2-00207.png,PNG,188,398,37976,1
2_Cleaned_dataset\images\cate2-00208.png,images,images,cate2-00208.png,PNG,188,398,38489,1
2_Cleaned_dataset\images\cate2-00209.png,images,images,cate2-00209.png,PNG,188,398,39224,1
2_Cleaned_dataset\images\cate2-00210.png,images,images,cate2-00210.png,PNG,188,398,37792,1
2_Cleaned_dataset\images\cate2-00211.png,images,images,cate2-00211.png,PNG,188,398,37957,1
2_Cleaned_dataset\images\cate2-00212.png,images,images,cate2-00212.png,PNG,188,398,38640,1
2_Cleaned_dataset\images\cate2-00213.png,images,images,cate2-00213.png,PNG,188,398,37088,1
2_Cleaned_dataset\images\cate2-00214.png,images,images,cate2-00214.png,PNG,188,398,38186,1
2_Cleaned_dataset\images\cate2-00215.png,images,images,cate2-00215.png,PNG,188,398,37442,1
2_Cleaned_dataset\images\cate2-00216.png,images,images,cate2-00216.png,PNG,188,398,38252,1
2_Cleaned_dataset\images\cate2-00217.png,images,images,cate2-00217.png,PNG,188,398,39782,1
2_Cleaned_dataset\images\cate2-00218.png,images,images,cate2-00218.png,PNG,188,398,36872,1
2_Cleaned_dataset\images\cate2-00219.png,images,images,cate2-00219.png,PNG,188,398,36962,1
2_Cleaned_dataset\images\cate2-00220.png,images,images,cate2-00220.png,PNG,188,398,38002,1
2_Cleaned_dataset\images\cate2_000.png,images,images,cate2_000.png,PNG,188,398,37797,1
2_Cleaned_dataset\images\cate2_000_1302.png,images,images,cate2_000_1302.png,PNG,188,398,38005,1
2_Cleaned_dataset\images\cate2_000_2340.png,images,images,cate2_000_2340.png,PNG,188,398,37671,1
2_Cleaned_dataset\images\cate2_000_7033.png,images,images,cate2_000_7033.png,PNG,188,398,37455,1
2_Cleaned_dataset\images\cate2_001.png,images,images,cate2_001.png,PNG,188,398,37700,1
2_Cleaned_dataset\images\cate2_001_1141.png,images,images,cate2_001_1141.png,PNG,188,398,37455,1
2_Cleaned_dataset\images\cate2_001_4712.png,images,images,cate2_001_4712.png,PNG,188,398,38231,1
2_Cleaned_dataset\images\cate2_001_6264.png,images,images,cate2_001_6264.png,PNG,188,398,36378,1
2_Cleaned_dataset\images\cate2_002.png,images,images,cate2_002.png,PNG,188,398,36378,1
2_Cleaned_dataset\images\cate2_002_2182.png,images,images,cate2_002_2182.png,PNG,188,398,38223,1
2_Cleaned_dataset\images\cate2_002_3418.png,images,images,cate2_002_3418.png,PNG,188,398,37682,1
2_Cleaned_dataset\images\cate2_002_8302.png,images,images,cate2_002_8302.png,PNG,188,398,37479,1
2_Cleaned_dataset\images\cate2_003.png,images,images,cate2_003.png,PNG,188,398,37479,1
2_Cleaned_dataset\images\cate2_003_274.png,images,images,cate2_003_274.png,PNG,188,398,38058,1
2_Cleaned_dataset\images\cate2_003_3094.png,images,images,cate2_003_3094.png,PNG,188,398,36390,1
2_Cleaned_dataset\images\cate2_003_6299.png,images,images,cate2_003_6299.png,PNG,188,398,35982,1
2_Cleaned_dataset\images\cate2_004.png,images,images,cate2_004.png,PNG,188,398,38058,1
2_Cleaned_dataset\images\cate2_004_3585.png,images,images,cate2_004_3585.png,PNG,188,398,38759,1
2_Cleaned_dataset\images\cate2_004_5395.png,images,images,cate2_004_5395.png,PNG,188,398,37628,1
2_Cleaned_dataset\images\cate2_004_6392.png,images,images,cate2_004_6392.png,PNG,188,398,37448,1
2_Cleaned_dataset\images\cate2_005.png,images,images,cate2_005.png,PNG,188,398,37628,1
2_Cleaned_dataset\images\cate2_005_2974.png,images,images,cate2_005_2974.png,PNG,188,398,37349,1
2_Cleaned_dataset\images\cate2_005_5775.png,images,images,cate2_005_5775.png,PNG,188,398,37782,1
2_Cleaned_dataset\images\cate2_005_9123.png,images,images,cate2_005_9123.png,PNG,188,398,37826,1
2_Cleaned_dataset\images\cate2_006.png,images,images,cate2_006.png,PNG,188,398,36921,1
2_Cleaned_dataset\images\cate2_006_1694.png,images,images,cate2_006_1694.png,PNG,188,398,37782,1
2_Cleaned_dataset\images\cate2_006_2076.png,images,images,cate2_006_2076.png,PNG,188,398,38013,1
2_Cleaned_dataset\images\cate2_006_3811.png,images,images,cate2_006_3811.png,PNG,188,398,37251,1
2_Cleaned_dataset\images\cate2_007.png,images,images,cate2_007.png,PNG,188,398,38005,1
2_Cleaned_dataset\images\cate2_007_5149.png,images,images,cate2_007_5149.png,PNG,188,398,38433,1
2_Cleaned_dataset\images\cate2_007_6964.png,images,images,cate2_007_6964.png,PNG,188,398,37383,1
2_Cleaned_dataset\images\cate2_007_9419.png,images,images,cate2_007_9419.png,PNG,188,398,37251,1
2_Cleaned_dataset\images\cate2_008.png,images,images,cate2_008.png,PNG,188,398,38193,1
2_Cleaned_dataset\images\cate2_008_4571.png,images,images,cate2_008_4571.png,PNG,188,398,37700,1
2_Cleaned_dataset\images\cate2_008_493.png,images,images,cate2_008_493.png,PNG,188,398,38433,1
2_Cleaned_dataset\images\cate2_008_5604.png,images,images,cate2_008_5604.png,PNG,188,398,38024,1
2_Cleaned_dataset\images\cate2_009.png,images,images,cate2_009.png,PNG,188,398,37429,1
2_Cleaned_dataset\images\cate2_009_3789.png,images,images,cate2_009_3789.png,PNG,188,398,38024,1
2_Cleaned_dataset\images\cate2_009_5551.png,images,images,cate2_009_5551.png,PNG,188,398,37682,1
2_Cleaned_dataset\images\cate2_009_9183.png,images,images,cate2_009_9183.png,PNG,188,398,35906,1
2_Cleaned_dataset\images\cate2_010.png,images,images,cate2_010.png,PNG,188,398,35592,1
2_Cleaned_dataset\images\cate2_010_1578.png,images,images,cate2_010_1578.png,PNG,188,398,36390,1
2_Cleaned_dataset\images\cate2_010_7102.png,images,images,cate2_010_7102.png,PNG,188,398,35906,1
2_Cleaned_dataset\images\cate2_010_7459.png,images,images,cate2_010_7459.png,PNG,188,398,37438,1
2_Cleaned_dataset\images\cate2_011.png,images,images,cate2_011.png,PNG,188,398,38363,1
2_Cleaned_dataset\images\cate2_011_3076.png,images,images,cate2_011_3076.png,PNG,188,398,38759,1
2_Cleaned_dataset\images\cate2_011_3600.png,images,images,cate2_011_3600.png,PNG,188,398,37557,1
2_Cleaned_dataset\images\cate2_011_7571.png,images,images,cate2_011_7571.png,PNG,188,398,37438,1
2_Cleaned_dataset\images\cate2_012.png,images,images,cate2_012.png,PNG,188,398,37312,1
2_Cleaned_dataset\images\cate2_012_3265.png,images,images,cate2_012_3265.png,PNG,188,398,37173,1
2_Cleaned_dataset\images\cate2_012_5735.png,images,images,cate2_012_5735.png,PNG,188,398,38363,1
2_Cleaned_dataset\images\cate2_012_6458.png,images,images,cate2_012_6458.png,PNG,188,398,37349,1
2_Cleaned_dataset\images\cate2_013.png,images,images,cate2_013.png,PNG,188,398,37173,1
2_Cleaned_dataset\images\cate2_013_2259.png,images,images,cate2_013_2259.png,PNG,188,398,37148,1
2_Cleaned_dataset\images\cate2_013_8265.png,images,images,cate2_013_8265.png,PNG,188,398,36921,1
2_Cleaned_dataset\images\cate2_013_9264.png,images,images,cate2_013_9264.png,PNG,188,398,36293,1
2_Cleaned_dataset\images\cate2_014.png,images,images,cate2_014.png,PNG,188,398,38063,1
2_Cleaned_dataset\images\cate2_014_2270.png,images,images,cate2_014_2270.png,PNG,188,398,37148,1
2_Cleaned_dataset\images\cate3-00001.png,images,images,cate3-00001.png,PNG,188,398,39404,1
2_Cleaned_dataset\images\cate3-00002.png,images,images,cate3-00002.png,PNG,188,398,38024,1
2_Cleaned_dataset\images\cate3-00003.png,images,images,cate3-00003.png,PNG,188,398,38331,1
2_Cleaned_dataset\images\cate3-00004.png,images,images,cate3-00004.png,PNG,188,398,38556,1
2_Cleaned_dataset\images\cate3-00005.png,images,images,cate3-00005.png,PNG,188,398,38613,1
2_Cleaned_dataset\images\cate3-00006.png,images,images,cate3-00006.png,PNG,188,398,36606,1
2_Cleaned_dataset\images\cate3-00007.png,images,images,cate3-00007.png,PNG,188,398,36534,1
2_Cleaned_dataset\images\cate3-00008.png,images,images,cate3-00008.png,PNG,188,398,38250,1
2_Cleaned_dataset\images\cate3-00009.png,images,images,cate3-00009.png,PNG,188,398,39412,1
2_Cleaned_dataset\images\cate3-00010.png,images,images,cate3-00010.png,PNG,188,398,38020,1
2_Cleaned_dataset\images\cate3-00011.png,images,images,cate3-00011.png,PNG,188,398,38999,1
2_Cleaned_dataset\images\cate3-00012.png,images,images,cate3-00012.png,PNG,188,398,39236,1
2_Cleaned_dataset\images\cate3-00013.png,images,images,cate3-00013.png,PNG,188,398,37396,1
2_Cleaned_dataset\images\cate3-00014.png,images,images,cate3-00014.png,PNG,188,398,36768,1
2_Cleaned_dataset\images\cate3-00015.png,images,images,cate3-00015.png,PNG,188,398,38461,1
2_Cleaned_dataset\images\cate3-00016.png,images,images,cate3-00016.png,PNG,188,398,38938,1
2_Cleaned_dataset\images\cate3-00017.png,images,images,cate3-00017.png,PNG,188,398,38875,1
2_Cleaned_dataset\images\cate3-00018.png,images,images,cate3-00018.png,PNG,188,398,37612,1
2_Cleaned_dataset\images\cate3-00019.png,images,images,cate3-00019.png,PNG,188,398,37933,1
2_Cleaned_dataset\images\cate3-00020.png,images,images,cate3-00020.png,PNG,188,398,37695,1
2_Cleaned_dataset\images\cate3-00021.png,images,images,cate3-00021.png,PNG,188,398,37156,1
2_Cleaned_dataset\images\cate3-00022.png,images,images,cate3-00022.png,PNG,188,398,39284,1
2_Cleaned_dataset\images\cate3-00023.png,images,images,cate3-00023.png,PNG,188,398,39780,1
2_Cleaned_dataset\images\cate3-00024.png,images,images,cate3-00024.png,PNG,188,398,37252,1
2_Cleaned_dataset\images\cate3-00025.png,images,images,cate3-00025.png,PNG,188,398,38685,1
2_Cleaned_dataset\images\cate3-00026.png,images,images,cate3-00026.png,PNG,188,398,37404,1
2_Cleaned_dataset\images\cate3-00027.png,images,images,cate3-00027.png,PNG,188,398,39327,1
2_Cleaned_dataset\images\cate3-00028.png,images,images,cate3-00028.png,PNG,188,398,38286,1
2_Cleaned_dataset\images\cate3-00029.png,images,images,cate3-00029.png,PNG,188,398,38583,1
2_Cleaned_dataset\images\cate3-00030.png,images,images,cate3-00030.png,PNG,188,398,37959,1
2_Cleaned_dataset\images\cate3-00031.png,images,images,cate3-00031.png,PNG,188,398,38490,1
2_Cleaned_dataset\images\cate3-00032.png,images,images,cate3-00032.png,PNG,188,398,40075,1
2_Cleaned_dataset\images\cate3-00033.png,images,images,cate3-00033.png,PNG,188,398,38503,1
2_Cleaned_dataset\images\cate3-00034.png,images,images,cate3-00034.png,PNG,188,398,37851,1
2_Cleaned_dataset\images\cate3-00035.png,images,images,cate3-00035.png,PNG,188,398,39193,1
2_Cleaned_dataset\images\cate3-00036.png,images,images,cate3-00036.png,PNG,188,398,37446,1
2_Cleaned_dataset\images\cate3-00037.png,images,images,cate3-00037.png,PNG,188,398,37509,1
2_Cleaned_dataset\images\cate3-00038.png,images,images,cate3-00038.png,PNG,188,398,37175,1
2_Cleaned_dataset\images\cate3-00039.png,images,images,cate3-00039.png,PNG,188,398,38058,1
2_Cleaned_dataset\images\cate3-00040.png,images,images,cate3-00040.png,PNG,188,398,36439,1
2_Cleaned_dataset\images\cate3-00041.png,images,images,cate3-00041.png,PNG,188,398,39034,1
2_Cleaned_dataset\images\cate3-00042.png,images,images,cate3-00042.png,PNG,188,398,37514,1
2_Cleaned_dataset\images\cate3-00043.png,images,images,cate3-00043.png,PNG,188,398,38734,1
2_Cleaned_dataset\images\cate3-00044.png,images,images,cate3-00044.png,PNG,188,398,39991,1
2_Cleaned_dataset\images\cate3-00045.png,images,images,cate3-00045.png,PNG,188,398,38197,1
2_Cleaned_dataset\images\cate3_000.png,images,images,cate3_000.png,PNG,188,398,38115,1
2_Cleaned_dataset\images\cate3_000_6122.png,images,images,cate3_000_6122.png,PNG,188,398,37383,1
2_Cleaned_dataset\images\cate3_001.png,images,images,cate3_001.png,PNG,188,398,37429,1
2_Cleaned_dataset\images\cate3_001_8232.png,images,images,cate3_001_8232.png,PNG,188,398,35582,1
2_Cleaned_dataset\images\cate3_002.png,images,images,cate3_002.png,PNG,188,398,35592,1
2_Cleaned_dataset\images\cate3_002_8623.png,images,images,cate3_002_8623.png,PNG,188,398,38538,1
2_Cleaned_dataset\images\cate3_003.png,images,images,cate3_003.png,PNG,188,398,37557,1
2_Cleaned_dataset\images\cate3_003_6251.png,images,images,cate3_003_6251.png,PNG,188,398,37291,1
2_Cleaned_dataset\images\cate3_004.png,images,images,cate3_004.png,PNG,188,398,37312,1
2_Cleaned_dataset\images\cate3_004_7493.png,images,images,cate3_004_7493.png,PNG,188,398,37877,1
2_Cleaned_dataset\images\cate3_005.png,images,images,cate3_005.png,PNG,188,398,37424,1
2_Cleaned_dataset\images\cate3_005_6168.png,images,images,cate3_005_6168.png,PNG,188,398,36293,1
2_Cleaned_dataset\images\cate3_006.png,images,images,cate3_006.png,PNG,188,398,38609,1
2_Cleaned_dataset\images\cate3_006_3332.png,images,images,cate3_006_3332.png,PNG,188,398,38115,1
2_Cleaned_dataset\images\cate3_007.png,images,images,cate3_007.png,PNG,188,398,35582,1
2_Cleaned_dataset\images\cate3_007_3284.png,images,images,cate3_007_3284.png,PNG,188,398,38228,1
2_Cleaned_dataset\images\cate3_008.png,images,images,cate3_008.png,PNG,188,398,36952,1
2_Cleaned_dataset\images\cate3_008_9246.png,images,images,cate3_008_9246.png,PNG,188,398,38538,1
2_Cleaned_dataset\images\cate3_009.png,images,images,cate3_009.png,PNG,188,398,37976,1
2_Cleaned_dataset\images\cate3_009_906.png,images,images,cate3_009_906.png,PNG,188,398,37291,1
2_Cleaned_dataset\images\cate3_010.png,images,images,cate3_010.png,PNG,188,398,37231,1
2_Cleaned_dataset\images\cate3_010_8701.png,images,images,cate3_010_8701.png,PNG,188,398,37877,1
2_Cleaned_dataset\images\cate3_011.png,images,images,cate3_011.png,PNG,188,398,38268,1
2_Cleaned_dataset\images\cate3_011_2382.png,images,images,cate3_011_2382.png,PNG,188,398,38609,1
2_Cleaned_dataset\images\cate3_012.png,images,images,cate3_012.png,PNG,188,398,38228,1
2_Cleaned_dataset\images\cate3_012_6863.png,images,images,cate3_012_6863.png,PNG,188,398,37861,1
2_Cleaned_dataset\images\cate3_013.png,images,images,cate3_013.png,PNG,188,398,37779,1
2_Cleaned_dataset\images\cate3_013_5178.png,images,images,cate3_013_5178.png,PNG,188,398,36952,1
2_Cleaned_dataset\images\cate4-00001.png,images,images,cate4-00001.png,PNG,188,398,36632,1
2_Cleaned_dataset\images\cate4-00002.png,images,images,cate4-00002.png,PNG,188,398,37050,1
2_Cleaned_dataset\images\cate4-00003.png,images,images,cate4-00003.png,PNG,188,398,37771,1
2_Cleaned_dataset\images\cate4-00004.png,images,images,cate4-00004.png,PNG,188,398,37336,1
2_Cleaned_dataset\images\cate4-00005.png,images,images,cate4-00005.png,PNG,188,398,38131,1
2_Cleaned_dataset\images\cate4-00006.png,images,images,cate4-00006.png,PNG,188,398,37747,1
2_Cleaned_dataset\images\cate4-00007.png,images,images,cate4-00007.png,PNG,188,398,39141,1
2_Cleaned_dataset\images\cate4-00008.png,images,images,cate4-00008.png,PNG,188,398,37272,1
2_Cleaned_dataset\images\cate4-00009.png,images,images,cate4-00009.png,PNG,188,398,36862,1
2_Cleaned_dataset\images\cate4-00010.png,images,images,cate4-00010.png,PNG,188,398,37222,1
2_Cleaned_dataset\images\cate4-00011.png,images,images,cate4-00011.png,PNG,188,398,37049,1
2_Cleaned_dataset\images\cate4-00012.png,images,images,cate4-00012.png,PNG,188,398,36955,1
2_Cleaned_dataset\images\cate4-00013.png,images,images,cate4-00013.png,PNG,188,398,38931,1
2_Cleaned_dataset\images\cate4-00014.png,images,images,cate4-00014.png,PNG,188,398,37919,1
2_Cleaned_dataset\images\cate4-00015.png,images,images,cate4-00015.png,PNG,188,398,38189,1
2_Cleaned_dataset\images\cate4-00016.png,images,images,cate4-00016.png,PNG,188,398,38821,1
2_Cleaned_dataset\images\cate4-00017.png,images,images,cate4-00017.png,PNG,188,398,37665,1
2_Cleaned_dataset\images\cate4-00018.png,images,images,cate4-00018.png,PNG,188,398,36671,1
2_Cleaned_dataset\images\cate4-00019.png,images,images,cate4-00019.png,PNG,188,398,37283,1
2_Cleaned_dataset\images\cate4-00020.png,images,images,cate4-00020.png,PNG,188,398,37113,1
2_Cleaned_dataset\images\cate4-00021.png,images,images,cate4-00021.png,PNG,188,398,38829,1
2_Cleaned_dataset\images\cate4-00022.png,images,images,cate4-00022.png,PNG,188,398,38860,1
2_Cleaned_dataset\images\cate4-00023.png,images,images,cate4-00023.png,PNG,188,398,36774,1
2_Cleaned_dataset\images\cate4-00024.png,images,images,cate4-00024.png,PNG,188,398,37608,1
2_Cleaned_dataset\images\cate4-00025.png,images,images,cate4-00025.png,PNG,188,398,36916,1
2_Cleaned_dataset\images\cate4-00026.png,images,images,cate4-00026.png,PNG,188,398,37586,1
2_Cleaned_dataset\images\cate4-00027.png,images,images,cate4-00027.png,PNG,188,398,37233,1
2_Cleaned_dataset\images\cate4-00028.png,images,images,cate4-00028.png,PNG,188,398,37580,1
2_Cleaned_dataset\images\cate4-00029.png,images,images,cate4-00029.png,PNG,188,398,37281,1
2_Cleaned_dataset\images\cate4-00030.png,images,images,cate4-00030.png,PNG,188,398,36750,1
2_Cleaned_dataset\images\cate4-00031.png,images,images,cate4-00031.png,PNG,188,398,37377,1
2_Cleaned_dataset\images\cate4-00032.png,images,images,cate4-00032.png,PNG,188,398,36460,1
2_Cleaned_dataset\images\cate4-00033.png,images,images,cate4-00033.png,PNG,188,398,38874,1
2_Cleaned_dataset\images\cate4-00034.png,images,images,cate4-00034.png,PNG,188,398,39017,1
2_Cleaned_dataset\images\cate4-00035.png,images,images,cate4-00035.png,PNG,188,398,38318,1
2_Cleaned_dataset\images\cate4-00036.png,images,images,cate4-00036.png,PNG,188,398,37062,1
2_Cleaned_dataset\images\cate4-00037.png,images,images,cate4-00037.png,PNG,188,398,38983,1
2_Cleaned_dataset\images\cate4-00038.png,images,images,cate4-00038.png,PNG,188,398,36564,1
2_Cleaned_dataset\images\cate4-00039.png,images,images,cate4-00039.png,PNG,188,398,36780,1
2_Cleaned_dataset\images\cate4-00040.png,images,images,cate4-00040.png,PNG,188,398,37528,1
2_Cleaned_dataset\images\cate4-00041.png,images,images,cate4-00041.png,PNG,188,398,36392,1
2_Cleaned_dataset\images\cate4-00042.png,images,images,cate4-00042.png,PNG,188,398,37548,1
2_Cleaned_dataset\images\cate4-00043.png,images,images,cate4-00043.png,PNG,188,398,39089,1
2_Cleaned_dataset\images\cate4-00044.png,images,images,cate4-00044.png,PNG,188,398,38828,1
2_Cleaned_dataset\images\cate4-00045.png,images,images,cate4-00045.png,PNG,188,398,37399,1
2_Cleaned_dataset\images\cate4-00046.png,images,images,cate4-00046.png,PNG,188,398,38291,1
2_Cleaned_dataset\images\cate4-00047.png,images,images,cate4-00047.png,PNG,188,398,37291,1
2_Cleaned_dataset\images\cate4-00048.png,images,images,cate4-00048.png,PNG,188,398,37762,1
2_Cleaned_dataset\images\cate4-00049.png,images,images,cate4-00049.png,PNG,188,398,37930,1
2_Cleaned_dataset\images\cate4-00050.png,images,images,cate4-00050.png,PNG,188,398,37095,1
2_Cleaned_dataset\images\cate4-00051.png,images,images,cate4-00051.png,PNG,188,398,37287,1
2_Cleaned_dataset\images\cate4-00052.png,images,images,cate4-00052.png,PNG,188,398,37430,1
2_Cleaned_dataset\images\cate4-00053.png,images,images,cate4-00053.png,PNG,188,398,36695,1
2_Cleaned_dataset\images\cate4-00054.png,images,images,cate4-00054.png,PNG,188,398,36706,1
2_Cleaned_dataset\images\cate4-00055.png,images,images,cate4-00055.png,PNG,188,398,37004,1
2_Cleaned_dataset\images\cate4-00056.png,images,images,cate4-00056.png,PNG,188,398,36904,1
2_Cleaned_dataset\images\cate4-00057.png,images,images,cate4-00057.png,PNG,188,398,38594,1
2_Cleaned_dataset\images\cate4-00058.png,images,images,cate4-00058.png,PNG,188,398,38492,1
2_Cleaned_dataset\images\cate4-00059.png,images,images,cate4-00059.png,PNG,188,398,37445,1
2_Cleaned_dataset\images\cate4-00060.png,images,images,cate4-00060.png,PNG,188,398,36434,1
2_Cleaned_dataset\images\cate4-00061.png,images,images,cate4-00061.png,PNG,188,398,37772,1
2_Cleaned_dataset\images\cate4-00062.png,images,images,cate4-00062.png,PNG,188,398,40098,1
2_Cleaned_dataset\images\cate4-00063.png,images,images,cate4-00063.png,PNG,188,398,36712,1
2_Cleaned_dataset\images\cate4-00064.png,images,images,cate4-00064.png,PNG,188,398,36993,1
2_Cleaned_dataset\images\cate4-00065.png,images,images,cate4-00065.png,PNG,188,398,37297,1
2_Cleaned_dataset\images\cate4-00066.png,images,images,cate4-00066.png,PNG,188,398,37126,1
2_Cleaned_dataset\images\cate4-00067.png,images,images,cate4-00067.png,PNG,188,398,37698,1
2_Cleaned_dataset\images\cate4-00068.png,images,images,cate4-00068.png,PNG,188,398,37622,1
2_Cleaned_dataset\images\cate4-00069.png,images,images,cate4-00069.png,PNG,188,398,37060,1
2_Cleaned_dataset\images\cate4-00070.png,images,images,cate4-00070.png,PNG,188,398,36439,1
2_Cleaned_dataset\images\cate4-00071.png,images,images,cate4-00071.png,PNG,188,398,36889,1
2_Cleaned_dataset\images\cate4-00072.png,images,images,cate4-00072.png,PNG,188,398,35678,1
2_Cleaned_dataset\images\cate4-00073.png,images,images,cate4-00073.png,PNG,188,398,38019,1
2_Cleaned_dataset\images\cate4-00074.png,images,images,cate4-00074.png,PNG,188,398,38611,1
2_Cleaned_dataset\images\cate4-00075.png,images,images,cate4-00075.png,PNG,188,398,36179,1
2_Cleaned_dataset\images\cate4-00076.png,images,images,cate4-00076.png,PNG,188,398,37307,1
2_Cleaned_dataset\images\cate4-00077.png,images,images,cate4-00077.png,PNG,188,398,36481,1
2_Cleaned_dataset\images\cate4-00078.png,images,images,cate4-00078.png,PNG,188,398,36936,1
2_Cleaned_dataset\images\cate4-00079.png,images,images,cate4-00079.png,PNG,188,398,36712,1
2_Cleaned_dataset\images\cate4-00080.png,images,images,cate4-00080.png,PNG,188,398,36755,1
2_Cleaned_dataset\images\cate4-00081.png,images,images,cate4-00081.png,PNG,188,398,37241,1
2_Cleaned_dataset\images\cate4-00082.png,images,images,cate4-00082.png,PNG,188,398,39312,1
2_Cleaned_dataset\images\cate4-00083.png,images,images,cate4-00083.png,PNG,188,398,38434,1
2_Cleaned_dataset\images\cate4-00084.png,images,images,cate4-00084.png,PNG,188,398,37048,1
2_Cleaned_dataset\images\cate4-00085.png,images,images,cate4-00085.png,PNG,188,398,37101,1
2_Cleaned_dataset\images\cate4-00086.png,images,images,cate4-00086.png,PNG,188,398,38128,1
2_Cleaned_dataset\images\cate4-00087.png,images,images,cate4-00087.png,PNG,188,398,36783,1
2_Cleaned_dataset\images\cate4-00088.png,images,images,cate4-00088.png,PNG,188,398,38229,1
2_Cleaned_dataset\images\cate4-00089.png,images,images,cate4-00089.png,PNG,188,398,37011,1
2_Cleaned_dataset\images\cate4-00090.png,images,images,cate4-00090.png,PNG,188,398,37436,1
2_Cleaned_dataset\images\cate4-00091.png,images,images,cate4-00091.png,PNG,188,398,39041,1
2_Cleaned_dataset\images\cate4-00092.png,images,images,cate4-00092.png,PNG,188,398,36207,1
2_Cleaned_dataset\images\cate4-00093.png,images,images,cate4-00093.png,PNG,188,398,36915,1
2_Cleaned_dataset\images\cate4-00094.png,images,images,cate4-00094.png,PNG,188,398,39302,1
2_Cleaned_dataset\images\cate4-00095.png,images,images,cate4-00095.png,PNG,188,398,37487,1
2_Cleaned_dataset\images\cate4-00096.png,images,images,cate4-00096.png,PNG,188,398,37741,1
2_Cleaned_dataset\images\cate4-00097.png,images,images,cate4-00097.png,PNG,188,398,37904,1
2_Cleaned_dataset\images\cate4-00098.png,images,images,cate4-00098.png,PNG,188,398,37415,1
2_Cleaned_dataset\images\cate4-00099.png,images,images,cate4-00099.png,PNG,188,398,36967,1
2_Cleaned_dataset\images\cate4-00100.png,images,images,cate4-00100.png,PNG,188,398,38028,1
2_Cleaned_dataset\images\cate4-00101.png,images,images,cate4-00101.png,PNG,188,398,36552,1
2_Cleaned_dataset\images\cate4-00102.png,images,images,cate4-00102.png,PNG,188,398,36741,1
2_Cleaned_dataset\images\cate4-00103.png,images,images,cate4-00103.png,PNG,188,398,37422,1
2_Cleaned_dataset\images\cate4-00104.png,images,images,cate4-00104.png,PNG,188,398,38173,1
2_Cleaned_dataset\images\cate4-00105.png,images,images,cate4-00105.png,PNG,188,398,36980,1
2_Cleaned_dataset\images\cate4-00106.png,images,images,cate4-00106.png,PNG,188,398,38284,1
2_Cleaned_dataset\images\cate4-00107.png,images,images,cate4-00107.png,PNG,188,398,36552,1
2_Cleaned_dataset\images\cate4-00108.png,images,images,cate4-00108.png,PNG,188,398,38405,1
2_Cleaned_dataset\images\cate4-00109.png,images,images,cate4-00109.png,PNG,188,398,37711,1
2_Cleaned_dataset\images\cate4-00110.png,images,images,cate4-00110.png,PNG,188,398,36721,1
2_Cleaned_dataset\images\cate4-00111.png,images,images,cate4-00111.png,PNG,188,398,37458,1
2_Cleaned_dataset\images\cate4-00112.png,images,images,cate4-00112.png,PNG,188,398,38878,1
2_Cleaned_dataset\images\cate4-00113.png,images,images,cate4-00113.png,PNG,188,398,36516,1
2_Cleaned_dataset\images\cate4-00114.png,images,images,cate4-00114.png,PNG,188,398,37191,1
2_Cleaned_dataset\images\cate4-00115.png,images,images,cate4-00115.png,PNG,188,398,38482,1
2_Cleaned_dataset\images\cate4-00116.png,images,images,cate4-00116.png,PNG,188,398,37485,1
2_Cleaned_dataset\images\cate4-00117.png,images,images,cate4-00117.png,PNG,188,398,37870,1
2_Cleaned_dataset\images\cate4-00118.png,images,images,cate4-00118.png,PNG,188,398,38344,1
2_Cleaned_dataset\images\cate4-00119.png,images,images,cate4-00119.png,PNG,188,398,37004,1
2_Cleaned_dataset\images\cate4-00120.png,images,images,cate4-00120.png,PNG,188,398,37176,1
2_Cleaned_dataset\images\cate4-00121.png,images,images,cate4-00121.png,PNG,188,398,37599,1
2_Cleaned_dataset\images\cate4-00122.png,images,images,cate4-00122.png,PNG,188,398,37359,1
2_Cleaned_dataset\images\cate4-00123.png,images,images,cate4-00123.png,PNG,188,398,37462,1
2_Cleaned_dataset\images\cate4-00124.png,images,images,cate4-00124.png,PNG,188,398,37446,1
2_Cleaned_dataset\images\cate4-00125.png,images,images,cate4-00125.png,PNG,188,398,37715,1
2_Cleaned_dataset\images\cate4-00126.png,images,images,cate4-00126.png,PNG,188,398,37300,1
2_Cleaned_dataset\images\cate4-00127.png,images,images,cate4-00127.png,PNG,188,398,37512,1
2_Cleaned_dataset\images\cate4-00128.png,images,images,cate4-00128.png,PNG,188,398,37556,1
2_Cleaned_dataset\images\cate4-00129.png,images,images,cate4-00129.png,PNG,188,398,36902,1
2_Cleaned_dataset\images\cate4-00130.png,images,images,cate4-00130.png,PNG,188,398,37185,1
2_Cleaned_dataset\images\cate4-00131.png,images,images,cate4-00131.png,PNG,188,398,37750,1
2_Cleaned_dataset\images\cate4-00132.png,images,images,cate4-00132.png,PNG,188,398,38875,1
2_Cleaned_dataset\images\cate4-00133.png,images,images,cate4-00133.png,PNG,188,398,37027,1
2_Cleaned_dataset\images\cate4-00134.png,images,images,cate4-00134.png,PNG,188,398,37032,1
2_Cleaned_dataset\images\cate4-00135.png,images,images,cate4-00135.png,PNG,188,398,39348,1
2_Cleaned_dataset\images\cate4-00136.png,images,images,cate4-00136.png,PNG,188,398,37695,1
2_Cleaned_dataset\images\cate4-00137.png,images,images,cate4-00137.png,PNG,188,398,38308,1
2_Cleaned_dataset\images\cate4-00138.png,images,images,cate4-00138.png,PNG,188,398,37177,1
2_Cleaned_dataset\images\cate4-00139.png,images,images,cate4-00139.png,PNG,188,398,39648,1
2_Cleaned_dataset\images\cate4-00140.png,images,images,cate4-00140.png,PNG,188,398,36989,1
2_Cleaned_dataset\images\cate4_000.png,images,images,cate4_000.png,PNG,188,398,38497,1
2_Cleaned_dataset\images\cate4_000_5473.png,images,images,cate4_000_5473.png,PNG,188,398,37976,1
2_Cleaned_dataset\images\cate4_001.png,images,images,cate4_001.png,PNG,188,398,37231,1
2_Cleaned_dataset\images\cate4_001_4469.png,images,images,cate4_001_4469.png,PNG,188,398,36753,1
2_Cleaned_dataset\images\cate4_002.png,images,images,cate4_002.png,PNG,188,398,38268,1
2_Cleaned_dataset\images\cate4_002_9955.png,images,images,cate4_002_9955.png,PNG,188,398,38383,1
2_Cleaned_dataset\images\cate4_003.png,images,images,cate4_003.png,PNG,188,398,37861,1
2_Cleaned_dataset\images\cate4_003_4972.png,images,images,cate4_003_4972.png,PNG,188,398,37503,1
2_Cleaned_dataset\images\cate4_004.png,images,images,cate4_004.png,PNG,188,398,37779,1
2_Cleaned_dataset\images\cate4_004_1320.png,images,images,cate4_004_1320.png,PNG,188,398,38814,1
2_Cleaned_dataset\images\cate4_005.png,images,images,cate4_005.png,PNG,188,398,38497,1
2_Cleaned_dataset\images\cate4_005_8382.png,images,images,cate4_005_8382.png,PNG,188,398,37810,1
2_Cleaned_dataset\images\cate4_006.png,images,images,cate4_006.png,PNG,188,398,36753,1
2_Cleaned_dataset\images\cate4_006_4992.png,images,images,cate4_006_4992.png,PNG,188,398,35872,1
2_Cleaned_dataset\images\cate4_007.png,images,images,cate4_007.png,PNG,188,398,37503,1
2_Cleaned_dataset\images\cate4_007_4256.png,images,images,cate4_007_4256.png,PNG,188,398,37616,1
2_Cleaned_dataset\images\cate4_008.png,images,images,cate4_008.png,PNG,188,398,37223,1
2_Cleaned_dataset\images\cate4_008_1975.png,images,images,cate4_008_1975.png,PNG,188,398,38814,1
2_Cleaned_dataset\images\cate4_009.png,images,images,cate4_009.png,PNG,188,398,37810,1
2_Cleaned_dataset\images\cate4_009_1439.png,images,images,cate4_009_1439.png,PNG,188,398,37932,1
2_Cleaned_dataset\images\cate4_010.png,images,images,cate4_010.png,PNG,188,398,37505,1
2_Cleaned_dataset\images\cate4_010_4036.png,images,images,cate4_010_4036.png,PNG,188,398,35872,1
2_Cleaned_dataset\images\cate4_011.png,images,images,cate4_011.png,PNG,188,398,37235,1
2_Cleaned_dataset\images\cate4_011_1939.png,images,images,cate4_011_1939.png,PNG,188,398,37616,1
2_Cleaned_dataset\images\cate4_012.png,images,images,cate4_012.png,PNG,188,398,37390,1
2_Cleaned_dataset\images\cate4_012_511.png,images,images,cate4_012_511.png,PNG,188,398,37223,1
2_Cleaned_dataset\images\cate4_013.png,images,images,cate4_013.png,PNG,188,398,37932,1
2_Cleaned_dataset\images\cate4_013_9762.png,images,images,cate4_013_9762.png,PNG,188,398,38090,1
2_Cleaned_dataset\images\cate5_000.png,images,images,cate5_000.png,PNG,188,398,37800,1
2_Cleaned_dataset\images\cate5_000_4779.png,images,images,cate5_000_4779.png,PNG,188,398,37505,1
2_Cleaned_dataset\images\cate5_001.png,images,images,cate5_001.png,PNG,188,398,38530,1
2_Cleaned_dataset\images\cate5_001_3569.png,images,images,cate5_001_3569.png,PNG,188,398,37235,1
2_Cleaned_dataset\images\cate5_002.png,images,images,cate5_002.png,PNG,188,398,37621,1
2_Cleaned_dataset\images\cate5_002_749.png,images,images,cate5_002_749.png,PNG,188,398,37390,1
2_Cleaned_dataset\images\cate5_003.png,images,images,cate5_003.png,PNG,188,398,37800,1
2_Cleaned_dataset\images\cate5_003_9825.png,images,images,cate5_003_9825.png,PNG,188,398,37133,1
2_Cleaned_dataset\images\cate5_004.png,images,images,cate5_004.png,PNG,188,398,38530,1
2_Cleaned_dataset\images\cate5_004_4463.png,images,images,cate5_004_4463.png,PNG,188,398,37027,1
2_Cleaned_dataset\images\cate5_005.png,images,images,cate5_005.png,PNG,188,398,37933,1
2_Cleaned_dataset\images\cate5_005_134.png,images,images,cate5_005_134.png,PNG,188,398,37621,1
2_Cleaned_dataset\images\cate5_006.png,images,images,cate5_006.png,PNG,188,398,37133,1
2_Cleaned_dataset\images\cate5_006_1576.png,images,images,cate5_006_1576.png,PNG,188,398,37907,1
2_Cleaned_dataset\images\cate5_007.png,images,images,cate5_007.png,PNG,188,398,37027,1
2_Cleaned_dataset\images\cate5_007_7493.png,images,images,cate5_007_7493.png,PNG,188,398,38100,1
2_Cleaned_dataset\images\cate5_008.png,images,images,cate5_008.png,PNG,188,398,37933,1
2_Cleaned_dataset\images\cate5_008_7476.png,images,images,cate5_008_7476.png,PNG,188,398,33552,1
2_Cleaned_dataset\images\cate5_009.png,images,images,cate5_009.png,PNG,188,398,39085,1
2_Cleaned_dataset\images\cate5_009_4937.png,images,images,cate5_009_4937.png,PNG,188,398,37907,1
2_Cleaned_dataset\images\cate5_010.png,images,images,cate5_010.png,PNG,188,398,38628,1
2_Cleaned_dataset\images\cate5_010_2738.png,images,images,cate5_010_2738.png,PNG,188,398,38100,1
2_Cleaned_dataset\images\cate5_011.png,images,images,cate5_011.png,PNG,188,398,33552,1
2_Cleaned_dataset\images\cate5_011_5411.png,images,images,cate5_011_5411.png,PNG,188,398,37177,1
2_Cleaned_dataset\images\cate5_012.png,images,images,cate5_012.png,PNG,188,398,38232,1
2_Cleaned_dataset\images\cate5_012_5765.png,images,images,cate5_012_5765.png,PNG,188,398,39085,1
2_Cleaned_dataset\images\cate5_013.png,images,images,cate5_013.png,PNG,188,398,37673,1
2_Cleaned_dataset\images\cate5_013_3030.png,images,images,cate5_013_3030.png,PNG,188,398,37177,1
